<?xml version="1.0" encoding="ISO-8859-1"?>
<modeling>
 <generator>
  <i name="program" type="string">vasp </i>
  <i name="version" type="string">5.4.4.18Apr17-6-g9f103f2a35  </i>
  <i name="subversion" type="string">(build Aug 07 2018 15:16:41) complex            parallel </i>
  <i name="platform" type="string">LinuxIFC </i>
  <i name="date" type="string">2020 04 02 </i>
  <i name="time" type="string">06:23:42 </i>
 </generator>
 <incar>
  <i type="string" name="PREC">normal</i>
  <i type="int" name="IBRION">     2</i>
  <i name="EDIFFG">     -0.03000000</i>
  <i type="int" name="NSW">   100</i>
  <i type="int" name="ISIF">     0</i>
  <i type="int" name="ISYM">     0</i>
  <i name="ENCUT">    350.00000000</i>
  <i type="string" name="LREAL"> Auto</i>
  <v type="int" name="KPOINT_BSE">    -1     0     0     0</v>
  <i type="string" name="GGA"> PS</i>
 </incar>
 <structure name="primitive_cell" >
  <crystal>
   <varray name="basis" >
    <v>       2.68206763       0.00000000       0.00000000 </v>
    <v>       0.00000000       2.68206763       0.00000000 </v>
    <v>       0.00000000       0.00000000      30.56893416 </v>
   </varray>
   <i name="volume">    219.89722351 </i>
   <varray name="rec_basis" >
    <v>       0.37284668       0.00000000       0.00000000 </v>
    <v>       0.00000000       0.37284668       0.00000000 </v>
    <v>       0.00000000       0.00000000       0.03271295 </v>
   </varray>
  </crystal>
  <varray name="positions" >
   <v>       0.00000000       0.00000000       0.47222222 </v>
   <v>      -0.50000000      -0.50000000       0.42676926 </v>
   <v>      -0.50000000      -0.50000000      -0.48232481 </v>
   <v>      -0.50000000      -0.50000000       0.35100852 </v>
   <v>      -0.50000000      -0.50000000      -0.40656407 </v>
   <v>       0.00000000       0.00000000      -0.36111111 </v>
  </varray>
 </structure>
 <varray name="primitive_index" >
  <v type="int" >        1 </v>
  <v type="int" >        3 </v>
  <v type="int" >        6 </v>
  <v type="int" >        4 </v>
  <v type="int" >        5 </v>
  <v type="int" >        2 </v>
 </varray>
 <kpoints>
  <generation param="Monkhorst-Pack">
   <v type="int" name="divisions">       4        4        1 </v>
   <v name="usershift">      0.00000000       0.00000000       0.00000000 </v>
   <v name="genvec1">      0.25000000       0.00000000       0.00000000 </v>
   <v name="genvec2">      0.00000000       0.25000000       0.00000000 </v>
   <v name="genvec3">      0.00000000       0.00000000       1.00000000 </v>
   <v name="shift">      0.50000000       0.50000000       0.00000000 </v>
  </generation>
  <varray name="kpointlist" >
   <v>       0.12500000       0.12500000       0.00000000 </v>
   <v>       0.37500000       0.12500000       0.00000000 </v>
   <v>      -0.37500000       0.12500000       0.00000000 </v>
   <v>      -0.12500000       0.12500000       0.00000000 </v>
   <v>       0.12500000       0.37500000       0.00000000 </v>
   <v>       0.37500000       0.37500000       0.00000000 </v>
   <v>      -0.37500000       0.37500000       0.00000000 </v>
   <v>      -0.12500000       0.37500000       0.00000000 </v>
  </varray>
  <varray name="weights" >
   <v>       0.12500000 </v>
   <v>       0.12500000 </v>
   <v>       0.12500000 </v>
   <v>       0.12500000 </v>
   <v>       0.12500000 </v>
   <v>       0.12500000 </v>
   <v>       0.12500000 </v>
   <v>       0.12500000 </v>
  </varray>
 </kpoints>
 <parameters>
  <separator name="general" >
   <i type="string" name="SYSTEM">unknown system</i>
   <i type="logical" name="LCOMPAT"> F  </i>
  </separator>
  <separator name="electronic" >
   <i type="string" name="PREC">normal</i>
   <i name="ENMAX">    350.00000000</i>
   <i name="ENAUG">    511.36800000</i>
   <i name="EDIFF">      0.00010000</i>
   <i type="int" name="IALGO">    38</i>
   <i type="int" name="IWAVPR">    11</i>
   <i type="int" name="NBANDS">    20</i>
   <i name="NELECT">     32.00000000</i>
   <i type="int" name="TURBO">     0</i>
   <i type="int" name="IRESTART">     0</i>
   <i type="int" name="NREBOOT">     0</i>
   <i type="int" name="NMIN">     0</i>
   <i name="EREF">      0.00000000</i>
   <separator name="electronic smearing" >
    <i type="int" name="ISMEAR">     1</i>
    <i name="SIGMA">      0.20000000</i>
    <i name="KSPACING">      0.50000000</i>
    <i type="logical" name="KGAMMA"> T  </i>
   </separator>
   <separator name="electronic projectors" >
    <i type="logical" name="LREAL"> T  </i>
    <v name="ROPT">     -0.00050000     -0.00050000</v>
    <i type="int" name="LMAXPAW">  -100</i>
    <i type="int" name="LMAXMIX">     2</i>
    <i type="logical" name="NLSPLINE"> F  </i>
   </separator>
   <separator name="electronic startup" >
    <i type="int" name="ISTART">     0</i>
    <i type="int" name="ICHARG">     2</i>
    <i type="int" name="INIWAV">     1</i>
   </separator>
   <separator name="electronic spin" >
    <i type="int" name="ISPIN">     1</i>
    <i type="logical" name="LNONCOLLINEAR"> F  </i>
    <v name="MAGMOM">      1.00000000      1.00000000      1.00000000      1.00000000      1.00000000      1.00000000</v>
    <i name="NUPDOWN">     -1.00000000</i>
    <i type="logical" name="LSORBIT"> F  </i>
    <v name="SAXIS">      0.00000000      0.00000000      1.00000000</v>
    <i type="logical" name="LSPIRAL"> F  </i>
    <v name="QSPIRAL">      0.00000000      0.00000000      0.00000000</v>
    <i type="logical" name="LZEROZ"> F  </i>
   </separator>
   <separator name="electronic exchange-correlation" >
    <i type="logical" name="LASPH"> F  </i>
    <i type="logical" name="LMETAGGA"> F  </i>
   </separator>
   <separator name="electronic convergence" >
    <i type="int" name="NELM">    60</i>
    <i type="int" name="NELMDL">    -5</i>
    <i type="int" name="NELMIN">     2</i>
    <i name="ENINI">    350.00000000</i>
    <separator name="electronic convergence detail" >
     <i type="logical" name="LDIAG"> T  </i>
     <i type="logical" name="LSUBROT"> F  </i>
     <i name="WEIMIN">      0.00100000</i>
     <i name="EBREAK">      0.00000125</i>
     <i name="DEPER">      0.30000000</i>
     <i type="int" name="NRMM">     4</i>
     <i name="TIME">      0.40000000</i>
    </separator>
   </separator>
   <separator name="electronic mixer" >
    <i name="AMIX">      0.40000000</i>
    <i name="BMIX">      1.00000000</i>
    <i name="AMIN">      0.10000000</i>
    <i name="AMIX_MAG">      1.60000000</i>
    <i name="BMIX_MAG">      1.00000000</i>
    <separator name="electronic mixer details" >
     <i type="int" name="IMIX">     4</i>
     <i type="logical" name="MIXFIRST"> F  </i>
     <i type="int" name="MAXMIX">   -45</i>
     <i name="WC">    100.00000000</i>
     <i type="int" name="INIMIX">     1</i>
     <i type="int" name="MIXPRE">     1</i>
     <i type="int" name="MREMOVE">     5</i>
    </separator>
   </separator>
   <separator name="electronic dipolcorrection" >
    <i type="logical" name="LDIPOL"> F  </i>
    <i type="logical" name="LMONO"> F  </i>
    <i type="int" name="IDIPOL">     0</i>
    <i name="EPSILON">      1.00000000</i>
    <v name="DIPOL">   -100.00000000   -100.00000000   -100.00000000</v>
    <i name="EFIELD">      0.00000000</i>
   </separator>
  </separator>
  <separator name="grids" >
   <i type="int" name="NGX">    12</i>
   <i type="int" name="NGY">    12</i>
   <i type="int" name="NGZ">   140</i>
   <i type="int" name="NGXF">    24</i>
   <i type="int" name="NGYF">    24</i>
   <i type="int" name="NGZF">   280</i>
   <i type="logical" name="ADDGRID"> F  </i>
  </separator>
  <separator name="ionic" >
   <i type="int" name="NSW">   100</i>
   <i type="int" name="IBRION">     2</i>
   <i type="int" name="MDALGO">     0</i>
   <i type="int" name="ISIF">     0</i>
   <i name="PSTRESS">      0.00000000</i>
   <i name="EDIFFG">     -0.03000000</i>
   <i type="int" name="NFREE">     1</i>
   <i name="POTIM">      0.50000000</i>
   <i name="SMASS">     -3.00000000</i>
   <i name="SCALEE">      1.00000000</i>
  </separator>
  <separator name="ionic md" >
   <i name="TEBEG">      0.00010000</i>
   <i name="TEEND">      0.00010000</i>
   <i type="int" name="NBLOCK">     1</i>
   <i type="int" name="KBLOCK">   100</i>
   <i type="int" name="NPACO">   256</i>
   <i name="APACO">     16.00000000</i>
  </separator>
  <separator name="symmetry" >
   <i type="int" name="ISYM">     0</i>
   <i name="SYMPREC">      0.00001000</i>
  </separator>
  <separator name="dos" >
   <i type="int" name="LORBIT">     0</i>
   <v name="RWIGS">     -1.00000000     -1.00000000</v>
   <i type="int" name="NEDOS">   301</i>
   <i name="EMIN">     10.00000000</i>
   <i name="EMAX">    -10.00000000</i>
   <i name="EFERMI">      0.00000000</i>
  </separator>
  <separator name="writing" >
   <i type="int" name="NWRITE">     2</i>
   <i type="logical" name="LWAVE"> T  </i>
   <i type="logical" name="LDOWNSAMPLE"> F  </i>
   <i type="logical" name="LCHARG"> T  </i>
   <i type="logical" name="LPARD"> F  </i>
   <i type="logical" name="LVTOT"> F  </i>
   <i type="logical" name="LVHAR"> F  </i>
   <i type="logical" name="LELF"> F  </i>
   <i type="logical" name="LOPTICS"> F  </i>
   <v name="STM">      0.00000000      0.00000000      0.00000000      0.00000000      0.00000000      0.00000000      0.00000000</v>
  </separator>
  <separator name="performance" >
   <i type="int" name="NPAR">     4</i>
   <i type="int" name="NSIM">     4</i>
   <i type="int" name="NBLK">    -1</i>
   <i type="logical" name="LPLANE"> T  </i>
   <i type="logical" name="LSCALAPACK"> T  </i>
   <i type="logical" name="LSCAAWARE"> F  </i>
   <i type="logical" name="LSCALU"> F  </i>
   <i type="logical" name="LASYNC"> F  </i>
   <i type="logical" name="LORBITALREAL"> F  </i>
  </separator>
  <separator name="miscellaneous" >
   <i type="int" name="IDIOT">     3</i>
   <i type="int" name="ISPECIAL">     0</i>
   <i type="logical" name="LMUSIC"> F  </i>
   <v name="POMASS">     55.84700000     28.08500000</v>
   <v name="DARWINR">      0.00000000      0.00000000</v>
   <v name="DARWINV">      1.00000000      1.00000000</v>
   <i type="logical" name="LCORR"> T  </i>
  </separator>
  <i type="logical" name="GGA_COMPAT"> T  </i>
  <i type="logical" name="LBERRY"> F  </i>
  <i type="int" name="ICORELEVEL">     0</i>
  <i type="logical" name="LDAU"> F  </i>
  <i type="int" name="I_CONSTRAINED_M">     0</i>
  <separator name="electronic exchange-correlation" >
   <i type="string" name="GGA">PS</i>
   <i type="int" name="VOSKOWN">     0</i>
   <i type="logical" name="LHFCALC"> F  </i>
   <i type="string" name="PRECFOCK"></i>
   <i type="logical" name="LSYMGRAD"> F  </i>
   <i type="logical" name="LHFONE"> F  </i>
   <i type="logical" name="LRHFCALC"> F  </i>
   <i type="logical" name="LTHOMAS"> F  </i>
   <i type="logical" name="LMODELHF"> F  </i>
   <i name="ENCUT4O">     -1.00000000</i>
   <i type="int" name="EXXOEP">     0</i>
   <i type="int" name="FOURORBIT">     0</i>
   <i name="AEXX">      0.00000000</i>
   <i name="HFALPHA">      0.00000000</i>
   <i name="MCALPHA">      0.00000000</i>
   <i name="ALDAX">      1.00000000</i>
   <i name="AGGAX">      1.00000000</i>
   <i name="ALDAC">      1.00000000</i>
   <i name="AGGAC">      1.00000000</i>
   <i type="int" name="NKREDX">     1</i>
   <i type="int" name="NKREDY">     1</i>
   <i type="int" name="NKREDZ">     1</i>
   <i type="logical" name="SHIFTRED"> F  </i>
   <i type="logical" name="ODDONLY"> F  </i>
   <i type="logical" name="EVENONLY"> F  </i>
   <i type="int" name="LMAXFOCK">     0</i>
   <i type="int" name="NMAXFOCKAE">     0</i>
   <i type="logical" name="LFOCKAEDFT"> F  </i>
   <i name="HFSCREEN">      0.00000000</i>
   <i name="HFSCREENC">      0.00000000</i>
   <i type="int" name="NBANDSGWLOW">     0</i>
  </separator>
  <separator name="vdW DFT" >
   <i type="logical" name="LUSE_VDW"> F  </i>
   <i name="Zab_VDW">     -0.84910000</i>
   <i name="PARAM1">      0.12340000</i>
   <i name="PARAM2">      1.00000000</i>
   <i name="PARAM3">      0.00000000</i>
  </separator>
  <separator name="model GW" >
   <i type="int" name="MODEL_GW">     0</i>
   <i name="MODEL_EPS0">     21.98972235</i>
   <i name="MODEL_ALPHA">      1.00000000</i>
  </separator>
  <separator name="linear response parameters" >
   <i type="logical" name="LEPSILON"> F  </i>
   <i type="logical" name="LRPA"> F  </i>
   <i type="logical" name="LNABLA"> F  </i>
   <i type="logical" name="LVEL"> F  </i>
   <i type="int" name="KINTER">     0</i>
   <i name="CSHIFT">      0.10000000</i>
   <i name="OMEGAMAX">     -1.00000000</i>
   <i name="DEG_THRESHOLD">      0.00200000</i>
   <i name="RTIME">     -0.10000000</i>
   <i name="WPLASMAI">      0.00000000</i>
   <v name="DFIELD">      0.00000000      0.00000000      0.00000000</v>
   <v name="WPLASMA">      0.00000000      0.00000000      0.00000000      0.00000000      0.00000000      0.00000000      0.00000000      0.00000000      0.00000000</v>
  </separator>
  <separator name="orbital magnetization" >
   <i type="logical" name="NUCIND"> F  </i>
   <v name="MAGPOS">      0.00000000      0.00000000      0.00000000</v>
   <i type="logical" name="LNICSALL"> T  </i>
   <i type="logical" name="ORBITALMAG"> F  </i>
   <i type="logical" name="LMAGBLOCH"> F  </i>
   <i type="logical" name="LCHIMAG"> F  </i>
   <i type="logical" name="LGAUGE"> T  </i>
   <i type="int" name="MAGATOM">     0</i>
   <v name="MAGDIPOL">      0.00000000      0.00000000      0.00000000</v>
   <v name="AVECCONST">      0.00000000      0.00000000      0.00000000</v>
  </separator>
  <separator name="response functions" >
   <i type="logical" name="LADDER"> F  </i>
   <i type="logical" name="LRPAFORCE"> F  </i>
   <i type="logical" name="LFXC"> F  </i>
   <i type="logical" name="LHARTREE"> T  </i>
   <i type="int" name="IBSE">     0</i>
   <v type="int" name="KPOINT">    -1     0     0     0</v>
   <i type="logical" name="LTCTE"> F  </i>
   <i type="logical" name="LTETE"> F  </i>
   <i type="logical" name="LTRIPLET"> F  </i>
   <i type="logical" name="LFXCEPS"> F  </i>
   <i type="logical" name="LFXHEG"> F  </i>
   <i type="int" name="NATURALO">     2</i>
   <i type="logical" name="L2ORDER"> F  </i>
   <i type="logical" name="LMP2LT"> F  </i>
   <i type="logical" name="LUSEW"> F  </i>
   <i name="ENCUTGW">     -2.00000000</i>
   <i name="ENCUTGWSOFT">     -2.00000000</i>
   <i name="ENCUTLF">     -1.00000000</i>
   <i type="int" name="LMAXMP2">    -1</i>
   <i name="SCISSOR">      0.00000000</i>
   <i type="int" name="NOMEGA">     0</i>
   <i type="int" name="NOMEGAR">     0</i>
   <i type="int" name="NBANDSGW">    -1</i>
   <i type="int" name="NBANDSO">    -1</i>
   <i type="int" name="NBANDSV">    -1</i>
   <i type="int" name="NELM">     1</i>
   <i type="int" name="NELMHF">     1</i>
   <i type="int" name="DIM">     3</i>
   <i type="int" name="ANTIRES">     0</i>
   <i name="OMEGAMAX">    -30.00000000</i>
   <i name="OMEGAMIN">    -30.00000000</i>
   <i name="OMEGATL">   -200.00000000</i>
   <i type="int" name="OMEGAGRID">   140</i>
   <i name="CSHIFT">     -0.10000000</i>
   <i type="logical" name="SELFENERGY"> F  </i>
   <i type="logical" name="LSPECTRAL"> F  </i>
   <i type="logical" name="LSPECTRALGW"> F  </i>
   <i type="logical" name="LSINGLES"> F  </i>
   <i type="logical" name="LFERMIGW"> F  </i>
   <i type="logical" name="ODDONLYGW"> F  </i>
   <i type="logical" name="EVENONLYGW"> F  </i>
   <i type="int" name="NKREDLFX">     1</i>
   <i type="int" name="NKREDLFY">     1</i>
   <i type="int" name="NKREDLFZ">     1</i>
   <i type="int" name="MAXMEM">  2800</i>
   <i type="int" name="TELESCOPE">     0</i>
   <i type="int" name="TAUPAR">     1</i>
   <i type="int" name="OMEGAPAR">    -1</i>
   <i name="LAMBDA">      1.00000000</i>
  </separator>
  <separator name="External order field" >
   <i name="OFIELD_KAPPA">      0.00000000</i>
   <v name="OFIELD_K">      0.00000000      0.00000000      0.00000000</v>
   <i name="OFIELD_Q6_NEAR">      0.00000000</i>
   <i name="OFIELD_Q6_FAR">      0.00000000</i>
   <i name="OFIELD_A">      0.00000000</i>
  </separator>
 </parameters>
 <atominfo>
  <atoms>       6 </atoms>
  <types>       2 </types>
  <array name="atoms" >
   <dimension dim="1">ion</dimension>
   <field type="string">element</field>
   <field type="int">atomtype</field>
   <set>
    <rc><c>Fe</c><c>   1</c></rc>
    <rc><c>Fe</c><c>   1</c></rc>
    <rc><c>Si</c><c>   2</c></rc>
    <rc><c>Si</c><c>   2</c></rc>
    <rc><c>Si</c><c>   2</c></rc>
    <rc><c>Si</c><c>   2</c></rc>
   </set>
  </array>
  <array name="atomtypes" >
   <dimension dim="1">type</dimension>
   <field type="int">atomspertype</field>
   <field type="string">element</field>
   <field>mass</field>
   <field>valence</field>
   <field type="string">pseudopotential</field>
   <set>
    <rc><c>   2</c><c>Fe</c><c>     55.84700000</c><c>      8.00000000</c><c>  PAW_PBE Fe 06Sep2000                  </c></rc>
    <rc><c>   4</c><c>Si</c><c>     28.08500000</c><c>      4.00000000</c><c>  PAW_PBE Si 05Jan2001                  </c></rc>
   </set>
  </array>
 </atominfo>
 <structure name="initialpos" >
  <crystal>
   <varray name="basis" >
    <v>       2.68206763       0.00000000       0.00000000 </v>
    <v>       0.00000000       2.68206763       0.00000000 </v>
    <v>       0.00000000       0.00000000      30.56893416 </v>
   </varray>
   <i name="volume">    219.89722351 </i>
   <varray name="rec_basis" >
    <v>       0.37284668       0.00000000       0.00000000 </v>
    <v>       0.00000000       0.37284668       0.00000000 </v>
    <v>       0.00000000       0.00000000       0.03271295 </v>
   </varray>
  </crystal>
  <varray name="positions" >
   <v>       0.00000000       0.00000000       0.47222222 </v>
   <v>       0.00000000       0.00000000       0.63888889 </v>
   <v>       0.50000000       0.50000000       0.42676926 </v>
   <v>       0.50000000       0.50000000       0.35100852 </v>
   <v>       0.50000000       0.50000000       0.59343593 </v>
   <v>       0.50000000       0.50000000       0.51767519 </v>
  </varray>
  <varray name="selective"  type="logical" >
   <v type="logical" >  F  F  F </v>
   <v type="logical" >  T  T  T </v>
   <v type="logical" >  T  T  T </v>
   <v type="logical" >  T  T  T </v>
   <v type="logical" >  T  T  T </v>
   <v type="logical" >  F  F  F </v>
  </varray>
  <nose>
   <v>      -3.00000000       0.00000000       0.00010000       0.00010000 </v>
  </nose>
 </structure>
 <calculation>
  <scstep>
   <time name="dav">    0.13    0.13</time>
   <time name="total">    0.14    0.14</time>
   <energy>
    <i name="alphaZ">     30.04277253 </i>
    <i name="ewald">  13000.03113076 </i>
    <i name="hartreedc"> -14540.94954659 </i>
    <i name="XCdc">    -23.58935332 </i>
    <i name="pawpsdc">   1457.81491340 </i>
    <i name="pawaedc">  -1404.98513108 </i>
    <i name="eentropy">     -0.00943276 </i>
    <i name="bandstr">     76.51651698 </i>
    <i name="atom">   1598.01105994 </i>
    <i name="e_fr_energy">    192.88292986 </i>
    <i name="e_wo_entrp">    192.89236262 </i>
    <i name="e_0_energy">    192.88607411 </i>
   </energy>
  </scstep>
  <scstep>
   <time name="dav">    0.16    0.17</time>
   <time name="total">    0.16    0.17</time>
   <energy>
    <i name="e_fr_energy">    -25.70371845 </i>
    <i name="e_wo_entrp">    -25.69716988 </i>
    <i name="e_0_energy">    -25.70153559 </i>
   </energy>
  </scstep>
  <scstep>
   <time name="dav">    0.25    0.25</time>
   <time name="total">    0.25    0.25</time>
   <energy>
    <i name="e_fr_energy">    -44.52095846 </i>
    <i name="e_wo_entrp">    -44.51099020 </i>
    <i name="e_0_energy">    -44.51763571 </i>
   </energy>
  </scstep>
  <scstep>
   <time name="dav">    0.30    0.30</time>
   <time name="total">    0.30    0.30</time>
   <energy>
    <i name="e_fr_energy">    -45.52910710 </i>
    <i name="e_wo_entrp">    -45.51670920 </i>
    <i name="e_0_energy">    -45.52497446 </i>
   </energy>
  </scstep>
  <scstep>
   <time name="dav">    0.32    0.32</time>
   <time name="total">    0.33    0.33</time>
   <energy>
    <i name="e_fr_energy">    -45.56458099 </i>
    <i name="e_wo_entrp">    -45.55236597 </i>
    <i name="e_0_energy">    -45.56050932 </i>
   </energy>
  </scstep>
  <scstep>
   <time name="dav">    0.35    0.35</time>
   <time name="total">    0.38    0.38</time>
   <energy>
    <i name="e_fr_energy">    -96.50424995 </i>
    <i name="e_wo_entrp">    -96.51076827 </i>
    <i name="e_0_energy">    -96.50642272 </i>
   </energy>
  </scstep>
  <scstep>
   <time name="dav">    0.29    0.29</time>
   <time name="total">    0.32    0.33</time>
   <energy>
    <i name="e_fr_energy">    -56.01538447 </i>
    <i name="e_wo_entrp">    -55.99821060 </i>
    <i name="e_0_energy">    -56.00965985 </i>
   </energy>
  </scstep>
  <scstep>
   <time name="dav">    0.29    0.29</time>
   <time name="total">    0.32    0.32</time>
   <energy>
    <i name="e_fr_energy">    -42.65997600 </i>
    <i name="e_wo_entrp">    -42.61939688 </i>
    <i name="e_0_energy">    -42.64644962 </i>
   </energy>
  </scstep>
  <scstep>
   <time name="dav">    0.29    0.29</time>
   <time name="total">    0.32    0.32</time>
   <energy>
    <i name="e_fr_energy">    -45.58435402 </i>
    <i name="e_wo_entrp">    -45.54744017 </i>
    <i name="e_0_energy">    -45.57204940 </i>
   </energy>
  </scstep>
  <scstep>
   <time name="dav">    0.32    0.32</time>
   <time name="total">    0.35    0.35</time>
   <energy>
    <i name="e_fr_energy">    -42.18772200 </i>
    <i name="e_wo_entrp">    -42.17565331 </i>
    <i name="e_0_energy">    -42.18369910 </i>
   </energy>
  </scstep>
  <scstep>
   <time name="dav">    0.36    0.36</time>
   <time name="total">    0.39    0.39</time>
   <energy>
    <i name="e_fr_energy">    -41.38951710 </i>
    <i name="e_wo_entrp">    -41.39586274 </i>
    <i name="e_0_energy">    -41.39163231 </i>
   </energy>
  </scstep>
  <scstep>
   <time name="dav">    0.16    0.16</time>
   <time name="total">    0.18    0.18</time>
   <energy>
    <i name="e_fr_energy">    -40.81982550 </i>
    <i name="e_wo_entrp">    -40.81387594 </i>
    <i name="e_0_energy">    -40.81784231 </i>
   </energy>
  </scstep>
  <scstep>
   <time name="dav">    0.15    0.15</time>
   <time name="total">    0.17    0.17</time>
   <energy>
    <i name="e_fr_energy">    -40.72778245 </i>
    <i name="e_wo_entrp">    -40.72579569 </i>
    <i name="e_0_energy">    -40.72712019 </i>
   </energy>
  </scstep>
  <scstep>
   <time name="dav">    0.16    0.16</time>
   <time name="total">    0.18    0.18</time>
   <energy>
    <i name="e_fr_energy">    -40.68005775 </i>
    <i name="e_wo_entrp">    -40.67191689 </i>
    <i name="e_0_energy">    -40.67734413 </i>
   </energy>
  </scstep>
  <scstep>
   <time name="dav">    0.16    0.16</time>
   <time name="total">    0.18    0.18</time>
   <energy>
    <i name="e_fr_energy">    -40.82432545 </i>
    <i name="e_wo_entrp">    -40.78662990 </i>
    <i name="e_0_energy">    -40.81176026 </i>
   </energy>
  </scstep>
  <scstep>
   <time name="dav">    0.16    0.15</time>
   <time name="total">    0.18    0.18</time>
   <energy>
    <i name="e_fr_energy">    -40.65890018 </i>
    <i name="e_wo_entrp">    -40.65025028 </i>
    <i name="e_0_energy">    -40.65601688 </i>
   </energy>
  </scstep>
  <scstep>
   <time name="dav">    0.16    0.16</time>
   <time name="total">    0.18    0.18</time>
   <energy>
    <i name="e_fr_energy">    -40.73444683 </i>
    <i name="e_wo_entrp">    -40.68370865 </i>
    <i name="e_0_energy">    -40.71753410 </i>
   </energy>
  </scstep>
  <scstep>
   <time name="dav">    0.16    0.16</time>
   <time name="total">    0.17    0.17</time>
   <energy>
    <i name="e_fr_energy">    -40.68489199 </i>
    <i name="e_wo_entrp">    -40.63726871 </i>
    <i name="e_0_energy">    -40.66901756 </i>
   </energy>
  </scstep>
  <scstep>
   <time name="dav">    0.16    0.16</time>
   <time name="total">    0.18    0.18</time>
   <energy>
    <i name="e_fr_energy">    -40.65556804 </i>
    <i name="e_wo_entrp">    -40.63239920 </i>
    <i name="e_0_energy">    -40.64784509 </i>
   </energy>
  </scstep>
  <scstep>
   <time name="dav">    0.15    0.15</time>
   <time name="total">    0.17    0.17</time>
   <energy>
    <i name="e_fr_energy">    -40.65620933 </i>
    <i name="e_wo_entrp">    -40.65644005 </i>
    <i name="e_0_energy">    -40.65628623 </i>
   </energy>
  </scstep>
  <scstep>
   <time name="dav">    0.14    0.14</time>
   <time name="total">    0.16    0.16</time>
   <energy>
    <i name="e_fr_energy">    -40.65383231 </i>
    <i name="e_wo_entrp">    -40.65067383 </i>
    <i name="e_0_energy">    -40.65277948 </i>
   </energy>
  </scstep>
  <scstep>
   <time name="dav">    0.12    0.12</time>
   <time name="total">    0.14    0.14</time>
   <energy>
    <i name="e_fr_energy">    -40.65276818 </i>
    <i name="e_wo_entrp">    -40.64822684 </i>
    <i name="e_0_energy">    -40.65125440 </i>
   </energy>
  </scstep>
  <scstep>
   <time name="dav">    0.14    0.14</time>
   <time name="total">    0.16    0.16</time>
   <energy>
    <i name="e_fr_energy">    -40.65047100 </i>
    <i name="e_wo_entrp">    -40.64172113 </i>
    <i name="e_0_energy">    -40.64755438 </i>
   </energy>
  </scstep>
  <scstep>
   <time name="dav">    0.15    0.15</time>
   <time name="total">    0.17    0.17</time>
   <energy>
    <i name="e_fr_energy">    -40.64918284 </i>
    <i name="e_wo_entrp">    -40.63826003 </i>
    <i name="e_0_energy">    -40.64554190 </i>
   </energy>
  </scstep>
  <scstep>
   <time name="dav">    0.13    0.13</time>
   <time name="total">    0.15    0.15</time>
   <energy>
    <i name="e_fr_energy">    -40.64898610 </i>
    <i name="e_wo_entrp">    -40.64028864 </i>
    <i name="e_0_energy">    -40.64608695 </i>
   </energy>
  </scstep>
  <scstep>
   <time name="dav">    0.14    0.14</time>
   <time name="total">    0.16    0.16</time>
   <energy>
    <i name="e_fr_energy">    -40.64859559 </i>
    <i name="e_wo_entrp">    -40.63928111 </i>
    <i name="e_0_energy">    -40.64549076 </i>
   </energy>
  </scstep>
  <scstep>
   <time name="dav">    0.10    0.10</time>
   <time name="total">    0.12    0.12</time>
   <energy>
    <i name="e_fr_energy">    -40.64840664 </i>
    <i name="e_wo_entrp">    -40.63495334 </i>
    <i name="e_0_energy">    -40.64392220 </i>
   </energy>
  </scstep>
  <scstep>
   <time name="dav">    0.08    0.08</time>
   <time name="total">    0.09    0.09</time>
   <energy>
    <i name="alphaZ">     30.04277253 </i>
    <i name="ewald">  13000.03113076 </i>
    <i name="hartreedc"> -14573.39474886 </i>
    <i name="XCdc">    -23.94136274 </i>
    <i name="pawpsdc">   3204.00507266 </i>
    <i name="pawaedc">  -3151.76192003 </i>
    <i name="eentropy">     -0.01293999 </i>
    <i name="bandstr">   -123.62750253 </i>
    <i name="atom">   1598.01105994 </i>
    <i name="e_fr_energy">    -40.64843826 </i>
    <i name="e_wo_entrp">    -40.63549827 </i>
    <i name="e_0_energy">    -40.64412493 </i>
   </energy>
  </scstep>
  <structure>
   <crystal>
    <varray name="basis" >
     <v>       2.68206763       0.00000000       0.00000000 </v>
     <v>       0.00000000       2.68206763       0.00000000 </v>
     <v>       0.00000000       0.00000000      30.56893416 </v>
    </varray>
    <i name="volume">    219.89722351 </i>
    <varray name="rec_basis" >
     <v>       0.37284668       0.00000000       0.00000000 </v>
     <v>       0.00000000       0.37284668       0.00000000 </v>
     <v>       0.00000000       0.00000000       0.03271295 </v>
    </varray>
   </crystal>
   <varray name="positions" >
    <v>       0.00000000       0.00000000       0.47222222 </v>
    <v>       0.00000000       0.00000000       0.63888889 </v>
    <v>       0.50000000       0.50000000       0.42676926 </v>
    <v>       0.50000000       0.50000000       0.35100852 </v>
    <v>       0.50000000       0.50000000       0.59343593 </v>
    <v>       0.50000000       0.50000000       0.51767519 </v>
   </varray>
  </structure>
  <varray name="forces" >
   <v>      -0.00000013      -0.00002371       0.97278544 </v>
   <v>       0.00001931       0.00001483      -1.44076306 </v>
   <v>      -0.00002874      -0.00000793      -0.58073858 </v>
   <v>      -0.00000099       0.00000178      -0.12174517 </v>
   <v>      -0.00000506       0.00000078       1.78032162 </v>
   <v>       0.00001562       0.00001424      -0.60986026 </v>
  </varray>
  <energy>
   <i name="e_fr_energy">    -40.64843826 </i>
   <i name="e_wo_entrp">    -40.64412493 </i>
   <i name="e_0_energy">     -0.01293999 </i>
  </energy>
  <time name="totalsc">    6.37    6.47</time>
 </calculation>
 <calculation>
  <scstep>
   <time name="dav">    0.11    0.11</time>
   <time name="total">    0.15    0.15</time>
   <energy>
    <i name="alphaZ">     30.04277253 </i>
    <i name="ewald">  13050.13194741 </i>
    <i name="hartreedc"> -14621.93977289 </i>
    <i name="XCdc">    -23.79032210 </i>
    <i name="pawpsdc">   3199.99035294 </i>
    <i name="pawaedc">  -3147.72980983 </i>
    <i name="eentropy">     -0.04303853 </i>
    <i name="bandstr">   -125.51728576 </i>
    <i name="atom">   1598.01105994 </i>
    <i name="e_fr_energy">    -40.84409629 </i>
    <i name="e_wo_entrp">    -40.80105776 </i>
    <i name="e_0_energy">    -40.82975011 </i>
   </energy>
  </scstep>
  <scstep>
   <time name="dav">    0.19    0.19</time>
   <time name="total">    0.21    0.21</time>
   <energy>
    <i name="e_fr_energy">    -63.54338184 </i>
    <i name="e_wo_entrp">    -63.51992136 </i>
    <i name="e_0_energy">    -63.53556168 </i>
   </energy>
  </scstep>
  <scstep>
   <time name="dav">    0.18    0.18</time>
   <time name="total">    0.20    0.20</time>
   <energy>
    <i name="e_fr_energy">    -40.30761174 </i>
    <i name="e_wo_entrp">    -40.28537662 </i>
    <i name="e_0_energy">    -40.30020004 </i>
   </energy>
  </scstep>
  <scstep>
   <time name="dav">    0.15    0.15</time>
   <time name="total">    0.17    0.17</time>
   <energy>
    <i name="e_fr_energy">    -40.64542897 </i>
    <i name="e_wo_entrp">    -40.61412478 </i>
    <i name="e_0_energy">    -40.63499424 </i>
   </energy>
  </scstep>
  <scstep>
   <time name="dav">    0.13    0.13</time>
   <time name="total">    0.15    0.15</time>
   <energy>
    <i name="e_fr_energy">    -40.80687259 </i>
    <i name="e_wo_entrp">    -40.78775855 </i>
    <i name="e_0_energy">    -40.80050124 </i>
   </energy>
  </scstep>
  <scstep>
   <time name="dav">    0.15    0.15</time>
   <time name="total">    0.17    0.17</time>
   <energy>
    <i name="e_fr_energy">    -40.81219321 </i>
    <i name="e_wo_entrp">    -40.77000863 </i>
    <i name="e_0_energy">    -40.79813168 </i>
   </energy>
  </scstep>
  <scstep>
   <time name="dav">    0.16    0.16</time>
   <time name="total">    0.18    0.18</time>
   <energy>
    <i name="e_fr_energy">    -40.79279143 </i>
    <i name="e_wo_entrp">    -40.80360960 </i>
    <i name="e_0_energy">    -40.79639748 </i>
   </energy>
  </scstep>
  <scstep>
   <time name="dav">    0.16    0.16</time>
   <time name="total">    0.18    0.18</time>
   <energy>
    <i name="e_fr_energy">    -40.78959633 </i>
    <i name="e_wo_entrp">    -40.80133622 </i>
    <i name="e_0_energy">    -40.79350963 </i>
   </energy>
  </scstep>
  <scstep>
   <time name="dav">    0.15    0.15</time>
   <time name="total">    0.17    0.17</time>
   <energy>
    <i name="e_fr_energy">    -40.78200863 </i>
    <i name="e_wo_entrp">    -40.79026204 </i>
    <i name="e_0_energy">    -40.78475977 </i>
   </energy>
  </scstep>
  <scstep>
   <time name="dav">    0.16    0.16</time>
   <time name="total">    0.18    0.18</time>
   <energy>
    <i name="e_fr_energy">    -40.78012269 </i>
    <i name="e_wo_entrp">    -40.77057272 </i>
    <i name="e_0_energy">    -40.77693936 </i>
   </energy>
  </scstep>
  <scstep>
   <time name="dav">    0.17    0.17</time>
   <time name="total">    0.19    0.19</time>
   <energy>
    <i name="e_fr_energy">    -40.77752579 </i>
    <i name="e_wo_entrp">    -40.77220101 </i>
    <i name="e_0_energy">    -40.77575086 </i>
   </energy>
  </scstep>
  <scstep>
   <time name="dav">    0.13    0.13</time>
   <time name="total">    0.15    0.15</time>
   <energy>
    <i name="e_fr_energy">    -40.77767974 </i>
    <i name="e_wo_entrp">    -40.77613601 </i>
    <i name="e_0_energy">    -40.77716517 </i>
   </energy>
  </scstep>
  <scstep>
   <time name="dav">    0.09    0.09</time>
   <time name="total">    0.10    0.10</time>
   <energy>
    <i name="alphaZ">     30.04277253 </i>
    <i name="ewald">  13050.13194741 </i>
    <i name="hartreedc"> -14624.59440032 </i>
    <i name="XCdc">    -23.74188042 </i>
    <i name="pawpsdc">   3248.98490583 </i>
    <i name="pawaedc">  -3196.85511920 </i>
    <i name="eentropy">     -0.00306774 </i>
    <i name="bandstr">   -122.75390258 </i>
    <i name="atom">   1598.01105994 </i>
    <i name="e_fr_energy">    -40.77768456 </i>
    <i name="e_wo_entrp">    -40.77461682 </i>
    <i name="e_0_energy">    -40.77666198 </i>
   </energy>
  </scstep>
  <structure>
   <crystal>
    <varray name="basis" >
     <v>       2.68206763       0.00000000       0.00000000 </v>
     <v>       0.00000000       2.68206763       0.00000000 </v>
     <v>       0.00000000       0.00000000      30.56893416 </v>
    </varray>
    <i name="volume">    219.89722351 </i>
    <varray name="rec_basis" >
     <v>       0.37284668       0.00000000       0.00000000 </v>
     <v>       0.00000000       0.37284668       0.00000000 </v>
     <v>       0.00000000       0.00000000       0.03271295 </v>
    </varray>
   </crystal>
   <varray name="positions" >
    <v>       0.00000000       0.00000000       0.47222222 </v>
    <v>       0.00000035       0.00000027       0.63661514 </v>
    <v>       0.49999948       0.49999986       0.42585276 </v>
    <v>       0.49999998       0.50000003       0.35081639 </v>
    <v>       0.49999991       0.50000001       0.59624556 </v>
    <v>       0.50000000       0.50000000       0.51767519 </v>
   </varray>
  </structure>
  <varray name="forces" >
   <v>      -0.00000234       0.00002054       0.59417418 </v>
   <v>      -0.00001006      -0.00000923      -0.02559078 </v>
   <v>       0.00000236      -0.00003163       0.02855557 </v>
   <v>       0.00000079      -0.00000241      -0.31723656 </v>
   <v>       0.00000909       0.00000393      -0.32481667 </v>
   <v>       0.00000017       0.00001881       0.04491427 </v>
  </varray>
  <energy>
   <i name="e_fr_energy">    -40.77768456 </i>
   <i name="e_wo_entrp">    -40.77666198 </i>
   <i name="e_0_energy">     -0.00306774 </i>
  </energy>
  <time name="totalsc">    2.26    2.28</time>
 </calculation>
 <calculation>
  <scstep>
   <time name="dav">    0.11    0.11</time>
   <time name="total">    0.13    0.14</time>
   <energy>
    <i name="alphaZ">     30.04277253 </i>
    <i name="ewald">  13046.38758291 </i>
    <i name="hartreedc"> -14621.19333120 </i>
    <i name="XCdc">    -23.75336139 </i>
    <i name="pawpsdc">   3250.39260882 </i>
    <i name="pawaedc">  -3198.26203132 </i>
    <i name="eentropy">     -0.00012737 </i>
    <i name="bandstr">   -122.40398033 </i>
    <i name="atom">   1598.01105994 </i>
    <i name="e_fr_energy">    -40.77880742 </i>
    <i name="e_wo_entrp">    -40.77868005 </i>
    <i name="e_0_energy">    -40.77876496 </i>
   </energy>
  </scstep>
  <scstep>
   <time name="dav">    0.17    0.17</time>
   <time name="total">    0.19    0.19</time>
   <energy>
    <i name="e_fr_energy">    -41.13648180 </i>
    <i name="e_wo_entrp">    -41.11440396 </i>
    <i name="e_0_energy">    -41.12912252 </i>
   </energy>
  </scstep>
  <scstep>
   <time name="dav">    0.18    0.18</time>
   <time name="total">    0.20    0.20</time>
   <energy>
    <i name="e_fr_energy">    -40.77960945 </i>
    <i name="e_wo_entrp">    -40.78265926 </i>
    <i name="e_0_energy">    -40.78062605 </i>
   </energy>
  </scstep>
  <scstep>
   <time name="dav">    0.22    0.22</time>
   <time name="total">    0.24    0.24</time>
   <energy>
    <i name="e_fr_energy">    -40.77892788 </i>
    <i name="e_wo_entrp">    -40.76933222 </i>
    <i name="e_0_energy">    -40.77572933 </i>
   </energy>
  </scstep>
  <scstep>
   <time name="dav">    0.16    0.16</time>
   <time name="total">    0.17    0.17</time>
   <energy>
    <i name="e_fr_energy">    -40.77823775 </i>
    <i name="e_wo_entrp">    -40.77225133 </i>
    <i name="e_0_energy">    -40.77624228 </i>
   </energy>
  </scstep>
  <scstep>
   <time name="dav">    0.10    0.10</time>
   <time name="total">    0.12    0.12</time>
   <energy>
    <i name="alphaZ">     30.04277253 </i>
    <i name="ewald">  13046.38758291 </i>
    <i name="hartreedc"> -14621.17998129 </i>
    <i name="XCdc">    -23.75718075 </i>
    <i name="pawpsdc">   3247.54711336 </i>
    <i name="pawaedc">  -3195.40008194 </i>
    <i name="eentropy">     -0.00325144 </i>
    <i name="bandstr">   -122.42627344 </i>
    <i name="atom">   1598.01105994 </i>
    <i name="e_fr_energy">    -40.77824011 </i>
    <i name="e_wo_entrp">    -40.77498867 </i>
    <i name="e_0_energy">    -40.77715630 </i>
   </energy>
  </scstep>
  <structure>
   <crystal>
    <varray name="basis" >
     <v>       2.68206763       0.00000000       0.00000000 </v>
     <v>       0.00000000       2.68206763       0.00000000 </v>
     <v>       0.00000000       0.00000000      30.56893416 </v>
    </varray>
    <i name="volume">    219.89722351 </i>
    <varray name="rec_basis" >
     <v>       0.37284668       0.00000000       0.00000000 </v>
     <v>       0.00000000       0.37284668       0.00000000 </v>
     <v>       0.00000000       0.00000000       0.03271295 </v>
    </varray>
   </crystal>
   <varray name="positions" >
    <v>       0.00000000       0.00000000       0.47222222 </v>
    <v>       0.00000032       0.00000025       0.63678644 </v>
    <v>       0.49999952       0.49999987       0.42592181 </v>
    <v>       0.49999998       0.50000003       0.35083086 </v>
    <v>       0.49999992       0.50000001       0.59603389 </v>
    <v>       0.50000000       0.50000000       0.51767519 </v>
   </varray>
  </structure>
  <varray name="forces" >
   <v>      -0.00000459      -0.00000551       0.63551635 </v>
   <v>      -0.00000850      -0.00000055      -0.14484231 </v>
   <v>       0.00000453      -0.00000907      -0.03255370 </v>
   <v>      -0.00000025       0.00000587      -0.30073665 </v>
   <v>       0.00000815      -0.00000064      -0.16343386 </v>
   <v>       0.00000066       0.00000991       0.00605018 </v>
  </varray>
  <energy>
   <i name="e_fr_energy">    -40.77824011 </i>
   <i name="e_wo_entrp">    -40.77715630 </i>
   <i name="e_0_energy">     -0.00325144 </i>
  </energy>
  <time name="totalsc">    1.14    1.16</time>
 </calculation>
 <calculation>
  <scstep>
   <time name="dav">    0.11    0.11</time>
   <time name="total">    0.15    0.15</time>
   <energy>
    <i name="alphaZ">     30.04277253 </i>
    <i name="ewald">  13047.96396737 </i>
    <i name="hartreedc"> -14622.89429518 </i>
    <i name="XCdc">    -23.76555649 </i>
    <i name="pawpsdc">   3246.95662764 </i>
    <i name="pawaedc">  -3194.81112883 </i>
    <i name="eentropy">     -0.00361351 </i>
    <i name="bandstr">   -122.28351605 </i>
    <i name="atom">   1598.01105994 </i>
    <i name="e_fr_energy">    -40.78368258 </i>
    <i name="e_wo_entrp">    -40.78006907 </i>
    <i name="e_0_energy">    -40.78247808 </i>
   </energy>
  </scstep>
  <scstep>
   <time name="dav">    0.16    0.16</time>
   <time name="total">    0.18    0.18</time>
   <energy>
    <i name="e_fr_energy">    -40.80313585 </i>
    <i name="e_wo_entrp">    -40.76794454 </i>
    <i name="e_0_energy">    -40.79140541 </i>
   </energy>
  </scstep>
  <scstep>
   <time name="dav">    0.16    0.16</time>
   <time name="total">    0.18    0.18</time>
   <energy>
    <i name="e_fr_energy">    -40.78389041 </i>
    <i name="e_wo_entrp">    -40.78310044 </i>
    <i name="e_0_energy">    -40.78362709 </i>
   </energy>
  </scstep>
  <scstep>
   <time name="dav">    0.16    0.16</time>
   <time name="total">    0.18    0.18</time>
   <energy>
    <i name="e_fr_energy">    -40.78456895 </i>
    <i name="e_wo_entrp">    -40.77344411 </i>
    <i name="e_0_energy">    -40.78086067 </i>
   </energy>
  </scstep>
  <scstep>
   <time name="dav">    0.14    0.14</time>
   <time name="total">    0.16    0.16</time>
   <energy>
    <i name="e_fr_energy">    -40.78407730 </i>
    <i name="e_wo_entrp">    -40.77587838 </i>
    <i name="e_0_energy">    -40.78134433 </i>
   </energy>
  </scstep>
  <scstep>
   <time name="dav">    0.13    0.13</time>
   <time name="total">    0.15    0.15</time>
   <energy>
    <i name="e_fr_energy">    -40.78391955 </i>
    <i name="e_wo_entrp">    -40.77770919 </i>
    <i name="e_0_energy">    -40.78184943 </i>
   </energy>
  </scstep>
  <scstep>
   <time name="dav">    0.08    0.08</time>
   <time name="total">    0.09    0.09</time>
   <energy>
    <i name="alphaZ">     30.04277253 </i>
    <i name="ewald">  13047.96396737 </i>
    <i name="hartreedc"> -14622.93177434 </i>
    <i name="XCdc">    -23.76382514 </i>
    <i name="pawpsdc">   3242.53829506 </i>
    <i name="pawaedc">  -3190.38985636 </i>
    <i name="eentropy">     -0.00519480 </i>
    <i name="bandstr">   -122.24937826 </i>
    <i name="atom">   1598.01105994 </i>
    <i name="e_fr_energy">    -40.78393401 </i>
    <i name="e_wo_entrp">    -40.77873921 </i>
    <i name="e_0_energy">    -40.78220241 </i>
   </energy>
  </scstep>
  <structure>
   <crystal>
    <varray name="basis" >
     <v>       2.68206763       0.00000000       0.00000000 </v>
     <v>       0.00000000       2.68206763       0.00000000 </v>
     <v>       0.00000000       0.00000000      30.56893416 </v>
    </varray>
    <i name="volume">    219.89722351 </i>
    <varray name="rec_basis" >
     <v>       0.37284668       0.00000000       0.00000000 </v>
     <v>       0.00000000       0.37284668       0.00000000 </v>
     <v>       0.00000000       0.00000000       0.03271295 </v>
    </varray>
   </crystal>
   <varray name="positions" >
    <v>       0.00000000       0.00000000       0.47222222 </v>
    <v>       0.00000018       0.00000024       0.63649490 </v>
    <v>       0.49999959       0.49999970       0.42584444 </v>
    <v>       0.49999998       0.50000013       0.35035779 </v>
    <v>       0.50000006       0.50000000       0.59586190 </v>
    <v>       0.50000000       0.50000000       0.51767519 </v>
   </varray>
  </structure>
  <varray name="forces" >
   <v>      -0.00000343       0.00000315       0.59387012 </v>
   <v>      -0.00000346      -0.00000595      -0.12327627 </v>
   <v>       0.00000461       0.00000245      -0.10380463 </v>
   <v>      -0.00000038      -0.00000334      -0.20122609 </v>
   <v>       0.00000275       0.00000381      -0.12198063 </v>
   <v>      -0.00000009      -0.00000012      -0.04358250 </v>
  </varray>
  <energy>
   <i name="e_fr_energy">    -40.78393401 </i>
   <i name="e_wo_entrp">    -40.78220241 </i>
   <i name="e_0_energy">     -0.00519480 </i>
  </energy>
  <time name="totalsc">    1.16    1.18</time>
 </calculation>
 <calculation>
  <scstep>
   <time name="dav">    0.11    0.11</time>
   <time name="total">    0.13    0.13</time>
   <energy>
    <i name="alphaZ">     30.04277253 </i>
    <i name="ewald">  13052.67349855 </i>
    <i name="hartreedc"> -14628.04528037 </i>
    <i name="XCdc">    -23.78676509 </i>
    <i name="pawpsdc">   3242.42000751 </i>
    <i name="pawaedc">  -3190.27329984 </i>
    <i name="eentropy">     -0.00276688 </i>
    <i name="bandstr">   -121.82804888 </i>
    <i name="atom">   1598.01105994 </i>
    <i name="e_fr_energy">    -40.78882254 </i>
    <i name="e_wo_entrp">    -40.78605566 </i>
    <i name="e_0_energy">    -40.78790025 </i>
   </energy>
  </scstep>
  <scstep>
   <time name="dav">    0.16    0.16</time>
   <time name="total">    0.17    0.18</time>
   <energy>
    <i name="e_fr_energy">    -40.87644812 </i>
    <i name="e_wo_entrp">    -40.82729056 </i>
    <i name="e_0_energy">    -40.86006227 </i>
   </energy>
  </scstep>
  <scstep>
   <time name="dav">    0.18    0.18</time>
   <time name="total">    0.20    0.20</time>
   <energy>
    <i name="e_fr_energy">    -40.79894949 </i>
    <i name="e_wo_entrp">    -40.81339073 </i>
    <i name="e_0_energy">    -40.80376324 </i>
   </energy>
  </scstep>
  <scstep>
   <time name="dav">    0.17    0.17</time>
   <time name="total">    0.18    0.18</time>
   <energy>
    <i name="e_fr_energy">    -40.79430888 </i>
    <i name="e_wo_entrp">    -40.77594038 </i>
    <i name="e_0_energy">    -40.78818605 </i>
   </energy>
  </scstep>
  <scstep>
   <time name="dav">    0.15    0.15</time>
   <time name="total">    0.17    0.17</time>
   <energy>
    <i name="e_fr_energy">    -40.79208245 </i>
    <i name="e_wo_entrp">    -40.77973474 </i>
    <i name="e_0_energy">    -40.78796655 </i>
   </energy>
  </scstep>
  <scstep>
   <time name="dav">    0.16    0.16</time>
   <time name="total">    0.18    0.18</time>
   <energy>
    <i name="e_fr_energy">    -40.79124240 </i>
    <i name="e_wo_entrp">    -40.78182762 </i>
    <i name="e_0_energy">    -40.78810414 </i>
   </energy>
  </scstep>
  <scstep>
   <time name="dav">    0.11    0.11</time>
   <time name="total">    0.12    0.12</time>
   <energy>
    <i name="e_fr_energy">    -40.79105968 </i>
    <i name="e_wo_entrp">    -40.78579340 </i>
    <i name="e_0_energy">    -40.78930426 </i>
   </energy>
  </scstep>
  <scstep>
   <time name="dav">    0.09    0.09</time>
   <time name="total">    0.10    0.10</time>
   <energy>
    <i name="alphaZ">     30.04277253 </i>
    <i name="ewald">  13052.67349855 </i>
    <i name="hartreedc"> -14628.02747373 </i>
    <i name="XCdc">    -23.78064855 </i>
    <i name="pawpsdc">   3235.12613434 </i>
    <i name="pawaedc">  -3182.98241975 </i>
    <i name="eentropy">     -0.00535858 </i>
    <i name="bandstr">   -121.84867707 </i>
    <i name="atom">   1598.01105994 </i>
    <i name="e_fr_energy">    -40.79111234 </i>
    <i name="e_wo_entrp">    -40.78575375 </i>
    <i name="e_0_energy">    -40.78932614 </i>
   </energy>
  </scstep>
  <structure>
   <crystal>
    <varray name="basis" >
     <v>       2.68206763       0.00000000       0.00000000 </v>
     <v>       0.00000000       2.68206763       0.00000000 </v>
     <v>       0.00000000       0.00000000      30.56893416 </v>
    </varray>
    <i name="volume">    219.89722351 </i>
    <varray name="rec_basis" >
     <v>       0.37284668       0.00000000       0.00000000 </v>
     <v>       0.00000000       0.37284668       0.00000000 </v>
     <v>       0.00000000       0.00000000       0.03271295 </v>
    </varray>
   </crystal>
   <varray name="positions" >
    <v>       0.00000000       0.00000000       0.47222222 </v>
    <v>      -0.00000023       0.00000024       0.63564572 </v>
    <v>       0.49999978       0.49999922       0.42561910 </v>
    <v>       0.49999996       0.50000044       0.34897985 </v>
    <v>       0.50000047       0.49999997       0.59536092 </v>
    <v>       0.50000000       0.50000000       0.51767519 </v>
   </varray>
  </structure>
  <varray name="forces" >
   <v>      -0.00000200      -0.00000672       0.50632921 </v>
   <v>       0.00001416      -0.00000252       0.00629604 </v>
   <v>       0.00000290       0.00001027      -0.28764165 </v>
   <v>       0.00000043      -0.00000320       0.07293003 </v>
   <v>      -0.00001528       0.00000389      -0.11750481 </v>
   <v>      -0.00000021      -0.00000171      -0.18040882 </v>
  </varray>
  <energy>
   <i name="e_fr_energy">    -40.79111234 </i>
   <i name="e_wo_entrp">    -40.78932614 </i>
   <i name="e_0_energy">     -0.00535858 </i>
  </energy>
  <time name="totalsc">    1.33    1.35</time>
 </calculation>
 <calculation>
  <scstep>
   <time name="dav">    0.10    0.10</time>
   <time name="total">    0.13    0.13</time>
   <energy>
    <i name="alphaZ">     30.04277253 </i>
    <i name="ewald">  13048.42507079 </i>
    <i name="hartreedc"> -14624.31723676 </i>
    <i name="XCdc">    -23.80762364 </i>
    <i name="pawpsdc">   3235.65643519 </i>
    <i name="pawaedc">  -3183.51316635 </i>
    <i name="eentropy">      0.00097788 </i>
    <i name="bandstr">   -121.29288969 </i>
    <i name="atom">   1598.01105994 </i>
    <i name="e_fr_energy">    -40.79460012 </i>
    <i name="e_wo_entrp">    -40.79557800 </i>
    <i name="e_0_energy">    -40.79492608 </i>
   </energy>
  </scstep>
  <scstep>
   <time name="dav">    0.16    0.16</time>
   <time name="total">    0.18    0.18</time>
   <energy>
    <i name="e_fr_energy">    -41.18391479 </i>
    <i name="e_wo_entrp">    -41.16371097 </i>
    <i name="e_0_energy">    -41.17718018 </i>
   </energy>
  </scstep>
  <scstep>
   <time name="dav">    0.18    0.18</time>
   <time name="total">    0.20    0.20</time>
   <energy>
    <i name="e_fr_energy">    -40.79646884 </i>
    <i name="e_wo_entrp">    -40.80032583 </i>
    <i name="e_0_energy">    -40.79775450 </i>
   </energy>
  </scstep>
  <scstep>
   <time name="dav">    0.15    0.15</time>
   <time name="total">    0.17    0.17</time>
   <energy>
    <i name="e_fr_energy">    -40.79486232 </i>
    <i name="e_wo_entrp">    -40.78813341 </i>
    <i name="e_0_energy">    -40.79261935 </i>
   </energy>
  </scstep>
  <scstep>
   <time name="dav">    0.16    0.16</time>
   <time name="total">    0.18    0.18</time>
   <energy>
    <i name="e_fr_energy">    -40.79528976 </i>
    <i name="e_wo_entrp">    -40.78398770 </i>
    <i name="e_0_energy">    -40.79152241 </i>
   </energy>
  </scstep>
  <scstep>
   <time name="dav">    0.14    0.14</time>
   <time name="total">    0.16    0.16</time>
   <energy>
    <i name="e_fr_energy">    -40.79446751 </i>
    <i name="e_wo_entrp">    -40.79032329 </i>
    <i name="e_0_energy">    -40.79308611 </i>
   </energy>
  </scstep>
  <scstep>
   <time name="dav">    0.09    0.09</time>
   <time name="total">    0.10    0.10</time>
   <energy>
    <i name="alphaZ">     30.04277253 </i>
    <i name="ewald">  13048.42507079 </i>
    <i name="hartreedc"> -14624.36840536 </i>
    <i name="XCdc">    -23.80416334 </i>
    <i name="pawpsdc">   3234.25693553 </i>
    <i name="pawaedc">  -3182.08354260 </i>
    <i name="eentropy">     -0.00475801 </i>
    <i name="bandstr">   -121.26945159 </i>
    <i name="atom">   1598.01105994 </i>
    <i name="e_fr_energy">    -40.79448212 </i>
    <i name="e_wo_entrp">    -40.78972411 </i>
    <i name="e_0_energy">    -40.79289612 </i>
   </energy>
  </scstep>
  <structure>
   <crystal>
    <varray name="basis" >
     <v>       2.68206763       0.00000000       0.00000000 </v>
     <v>       0.00000000       2.68206763       0.00000000 </v>
     <v>       0.00000000       0.00000000      30.56893416 </v>
    </varray>
    <i name="volume">    219.89722351 </i>
    <varray name="rec_basis" >
     <v>       0.37284668       0.00000000       0.00000000 </v>
     <v>       0.00000000       0.37284668       0.00000000 </v>
     <v>       0.00000000       0.00000000       0.03271295 </v>
    </varray>
   </crystal>
   <varray name="positions" >
    <v>       0.00000000       0.00000000       0.47222222 </v>
    <v>      -0.00000003       0.00000018       0.63539925 </v>
    <v>       0.49999990       0.49999931       0.42497541 </v>
    <v>       0.49999997       0.50000046       0.34870527 </v>
    <v>       0.50000025       0.50000005       0.59497323 </v>
    <v>       0.50000000       0.50000000       0.51767519 </v>
   </varray>
  </structure>
  <varray name="forces" >
   <v>      -0.00000061      -0.00000376       0.35507644 </v>
   <v>       0.00000606      -0.00000267      -0.01736547 </v>
   <v>       0.00000141       0.00000491      -0.01320019 </v>
   <v>      -0.00000011      -0.00000154       0.00862416 </v>
   <v>      -0.00000643       0.00000303      -0.00829480 </v>
   <v>      -0.00000033       0.00000002      -0.32484014 </v>
  </varray>
  <energy>
   <i name="e_fr_energy">    -40.79448212 </i>
   <i name="e_wo_entrp">    -40.79289612 </i>
   <i name="e_0_energy">     -0.00475801 </i>
  </energy>
  <time name="totalsc">    1.20    1.41</time>
  <eigenvalues>
   <array>
    <dimension dim="1">band</dimension>
    <dimension dim="2">kpoint</dimension>
    <dimension dim="3">spin</dimension>
    <field>eigene</field>
    <field>occ</field>
    <set>
     <set comment="spin 1">
      <set comment="kpoint 1">
       <r>  -12.5781    1.0000 </r>
       <r>  -11.4679    1.0000 </r>
       <r>  -10.0877    1.0000 </r>
       <r>   -8.3207    1.0000 </r>
       <r>   -5.7325    1.0000 </r>
       <r>   -3.7253    1.0000 </r>
       <r>   -3.1740    1.0000 </r>
       <r>   -2.5116    1.0000 </r>
       <r>   -2.0348    1.0000 </r>
       <r>   -1.7504    1.0000 </r>
       <r>   -1.1912    1.0000 </r>
       <r>   -1.0755    1.0000 </r>
       <r>   -0.8069    1.0000 </r>
       <r>   -0.7588    1.0000 </r>
       <r>   -0.5987    1.0019 </r>
       <r>   -0.1811    0.7390 </r>
       <r>    0.8328   -0.0000 </r>
       <r>    2.8966   -0.0000 </r>
       <r>    3.1289   -0.0000 </r>
       <r>    3.7367   -0.0000 </r>
      </set>
      <set comment="kpoint 2">
       <r>  -10.2409    1.0000 </r>
       <r>   -9.2920    1.0000 </r>
       <r>   -7.9830    1.0000 </r>
       <r>   -6.2946    1.0000 </r>
       <r>   -5.4325    1.0000 </r>
       <r>   -4.5806    1.0000 </r>
       <r>   -3.9821    1.0000 </r>
       <r>   -3.5876    1.0000 </r>
       <r>   -2.4144    1.0000 </r>
       <r>   -2.0606    1.0000 </r>
       <r>   -1.7061    1.0000 </r>
       <r>   -1.5299    1.0000 </r>
       <r>   -1.3417    1.0000 </r>
       <r>   -1.0104    1.0000 </r>
       <r>   -0.6196    1.0012 </r>
       <r>   -0.3889    1.0338 </r>
       <r>   -0.2560    0.9492 </r>
       <r>    0.6648   -0.0000 </r>
       <r>    1.1553   -0.0000 </r>
       <r>    2.5307   -0.0000 </r>
      </set>
      <set comment="kpoint 3">
       <r>  -10.2409    1.0000 </r>
       <r>   -9.2920    1.0000 </r>
       <r>   -7.9830    1.0000 </r>
       <r>   -6.2946    1.0000 </r>
       <r>   -5.4325    1.0000 </r>
       <r>   -4.5806    1.0000 </r>
       <r>   -3.9821    1.0000 </r>
       <r>   -3.5876    1.0000 </r>
       <r>   -2.4144    1.0000 </r>
       <r>   -2.0606    1.0000 </r>
       <r>   -1.7061    1.0000 </r>
       <r>   -1.5299    1.0000 </r>
       <r>   -1.3417    1.0000 </r>
       <r>   -1.0104    1.0000 </r>
       <r>   -0.6196    1.0012 </r>
       <r>   -0.3889    1.0338 </r>
       <r>   -0.2560    0.9492 </r>
       <r>    0.6648   -0.0000 </r>
       <r>    1.1553   -0.0000 </r>
       <r>    2.5307   -0.0000 </r>
      </set>
      <set comment="kpoint 4">
       <r>  -12.5781    1.0000 </r>
       <r>  -11.4679    1.0000 </r>
       <r>  -10.0877    1.0000 </r>
       <r>   -8.3207    1.0000 </r>
       <r>   -5.7325    1.0000 </r>
       <r>   -3.7253    1.0000 </r>
       <r>   -3.1740    1.0000 </r>
       <r>   -2.5116    1.0000 </r>
       <r>   -2.0348    1.0000 </r>
       <r>   -1.7504    1.0000 </r>
       <r>   -1.1912    1.0000 </r>
       <r>   -1.0755    1.0000 </r>
       <r>   -0.8069    1.0000 </r>
       <r>   -0.7588    1.0000 </r>
       <r>   -0.5987    1.0019 </r>
       <r>   -0.1811    0.7390 </r>
       <r>    0.8328   -0.0000 </r>
       <r>    2.8966   -0.0000 </r>
       <r>    3.1289   -0.0000 </r>
       <r>    3.7367   -0.0000 </r>
      </set>
      <set comment="kpoint 5">
       <r>  -10.2409    1.0000 </r>
       <r>   -9.2920    1.0000 </r>
       <r>   -7.9830    1.0000 </r>
       <r>   -6.2946    1.0000 </r>
       <r>   -5.4325    1.0000 </r>
       <r>   -4.5806    1.0000 </r>
       <r>   -3.9821    1.0000 </r>
       <r>   -3.5876    1.0000 </r>
       <r>   -2.4144    1.0000 </r>
       <r>   -2.0606    1.0000 </r>
       <r>   -1.7061    1.0000 </r>
       <r>   -1.5299    1.0000 </r>
       <r>   -1.3417    1.0000 </r>
       <r>   -1.0104    1.0000 </r>
       <r>   -0.6196    1.0012 </r>
       <r>   -0.3889    1.0338 </r>
       <r>   -0.2560    0.9492 </r>
       <r>    0.6648   -0.0000 </r>
       <r>    1.1553   -0.0000 </r>
       <r>    2.5307   -0.0000 </r>
      </set>
      <set comment="kpoint 6">
       <r>   -8.2733    1.0000 </r>
       <r>   -7.3004    1.0000 </r>
       <r>   -6.2260    1.0000 </r>
       <r>   -4.8249    1.0000 </r>
       <r>   -4.3382    1.0000 </r>
       <r>   -3.8599    1.0000 </r>
       <r>   -3.7552    1.0000 </r>
       <r>   -3.4313    1.0000 </r>
       <r>   -3.2057    1.0000 </r>
       <r>   -2.4410    1.0000 </r>
       <r>   -1.2708    1.0000 </r>
       <r>   -1.0576    1.0000 </r>
       <r>   -0.8666    1.0000 </r>
       <r>   -0.2777    0.9844 </r>
       <r>   -0.0628    0.2617 </r>
       <r>   -0.0008    0.0775 </r>
       <r>    0.1506   -0.0331 </r>
       <r>    0.5120   -0.0000 </r>
       <r>    1.5649   -0.0000 </r>
       <r>    1.9051   -0.0000 </r>
      </set>
      <set comment="kpoint 7">
       <r>   -8.2733    1.0000 </r>
       <r>   -7.3004    1.0000 </r>
       <r>   -6.2260    1.0000 </r>
       <r>   -4.8249    1.0000 </r>
       <r>   -4.3382    1.0000 </r>
       <r>   -3.8599    1.0000 </r>
       <r>   -3.7552    1.0000 </r>
       <r>   -3.4313    1.0000 </r>
       <r>   -3.2057    1.0000 </r>
       <r>   -2.4410    1.0000 </r>
       <r>   -1.2708    1.0000 </r>
       <r>   -1.0576    1.0000 </r>
       <r>   -0.8666    1.0000 </r>
       <r>   -0.2777    0.9844 </r>
       <r>   -0.0628    0.2617 </r>
       <r>   -0.0008    0.0775 </r>
       <r>    0.1506   -0.0331 </r>
       <r>    0.5120   -0.0000 </r>
       <r>    1.5649   -0.0000 </r>
       <r>    1.9051   -0.0000 </r>
      </set>
      <set comment="kpoint 8">
       <r>  -10.2409    1.0000 </r>
       <r>   -9.2920    1.0000 </r>
       <r>   -7.9830    1.0000 </r>
       <r>   -6.2946    1.0000 </r>
       <r>   -5.4325    1.0000 </r>
       <r>   -4.5806    1.0000 </r>
       <r>   -3.9821    1.0000 </r>
       <r>   -3.5876    1.0000 </r>
       <r>   -2.4144    1.0000 </r>
       <r>   -2.0606    1.0000 </r>
       <r>   -1.7061    1.0000 </r>
       <r>   -1.5299    1.0000 </r>
       <r>   -1.3417    1.0000 </r>
       <r>   -1.0104    1.0000 </r>
       <r>   -0.6196    1.0012 </r>
       <r>   -0.3889    1.0338 </r>
       <r>   -0.2560    0.9492 </r>
       <r>    0.6648   -0.0000 </r>
       <r>    1.1553   -0.0000 </r>
       <r>    2.5307   -0.0000 </r>
      </set>
     </set>
    </set>
   </array>
  </eigenvalues>
  <separator name="orbital magnetization" >
   <v name="MAGDIPOLOUT">      0.00000000      0.00000000      0.00000000</v>
  </separator>
  <dos>
   <i name="efermi">     -0.12188644 </i>
   <total>
    <array>
     <dimension dim="1">gridpoints</dimension>
     <dimension dim="2">spin</dimension>
     <field>energy</field>
     <field>total</field>
     <field>integrated</field>
     <set>
      <set comment="spin 1">
       <r>   -14.5781     0.0000     0.0000 </r>
       <r>   -14.5104     0.0000     0.0000 </r>
       <r>   -14.4427     0.0000     0.0000 </r>
       <r>   -14.3750     0.0000     0.0000 </r>
       <r>   -14.3073     0.0000     0.0000 </r>
       <r>   -14.2395    -0.0000    -0.0000 </r>
       <r>   -14.1718    -0.0000    -0.0000 </r>
       <r>   -14.1041    -0.0000    -0.0000 </r>
       <r>   -14.0364    -0.0000    -0.0000 </r>
       <r>   -13.9687    -0.0000    -0.0000 </r>
       <r>   -13.9010    -0.0000    -0.0000 </r>
       <r>   -13.8332    -0.0000    -0.0000 </r>
       <r>   -13.7655    -0.0000    -0.0000 </r>
       <r>   -13.6978    -0.0000    -0.0000 </r>
       <r>   -13.6301    -0.0000    -0.0000 </r>
       <r>   -13.5624    -0.0000    -0.0000 </r>
       <r>   -13.4947    -0.0000    -0.0000 </r>
       <r>   -13.4269    -0.0000    -0.0000 </r>
       <r>   -13.3592    -0.0000    -0.0000 </r>
       <r>   -13.2915    -0.0000    -0.0000 </r>
       <r>   -13.2238    -0.0002    -0.0000 </r>
       <r>   -13.1561    -0.0011    -0.0001 </r>
       <r>   -13.0884    -0.0055    -0.0005 </r>
       <r>   -13.0207    -0.0212    -0.0019 </r>
       <r>   -12.9529    -0.0588    -0.0059 </r>
       <r>   -12.8852    -0.1055    -0.0130 </r>
       <r>   -12.8175    -0.0686    -0.0177 </r>
       <r>   -12.7498     0.2350    -0.0018 </r>
       <r>   -12.6821     0.9063     0.0596 </r>
       <r>   -12.6144     1.6996     0.1747 </r>
       <r>   -12.5466     2.0819     0.3157 </r>
       <r>   -12.4789     1.7462     0.4339 </r>
       <r>   -12.4112     0.9635     0.4992 </r>
       <r>   -12.3435     0.2706     0.5175 </r>
       <r>   -12.2758    -0.0583     0.5136 </r>
       <r>   -12.2081    -0.1075     0.5063 </r>
       <r>   -12.1403    -0.0623     0.5021 </r>
       <r>   -12.0726    -0.0236     0.5005 </r>
       <r>   -12.0049    -0.0091     0.4999 </r>
       <r>   -11.9372    -0.0141     0.4989 </r>
       <r>   -11.8695    -0.0412     0.4961 </r>
       <r>   -11.8018    -0.0895     0.4900 </r>
       <r>   -11.7340    -0.1038     0.4830 </r>
       <r>   -11.6663     0.0716     0.4879 </r>
       <r>   -11.5986     0.6035     0.5287 </r>
       <r>   -11.5309     1.4043     0.6238 </r>
       <r>   -11.4632     2.0117     0.7600 </r>
       <r>   -11.3955     1.9594     0.8927 </r>
       <r>   -11.3278     1.2902     0.9801 </r>
       <r>   -11.2600     0.5063     1.0144 </r>
       <r>   -11.1923     0.0280     1.0163 </r>
       <r>   -11.1246    -0.1087     1.0089 </r>
       <r>   -11.0569    -0.0825     1.0033 </r>
       <r>   -10.9892    -0.0356     1.0009 </r>
       <r>   -10.9215    -0.0108     1.0002 </r>
       <r>   -10.8537    -0.0032     1.0000 </r>
       <r>   -10.7860    -0.0054     0.9996 </r>
       <r>   -10.7183    -0.0223     0.9981 </r>
       <r>   -10.6506    -0.0743     0.9931 </r>
       <r>   -10.5829    -0.1745     0.9812 </r>
       <r>   -10.5152    -0.2438     0.9647 </r>
       <r>   -10.4474    -0.0028     0.9645 </r>
       <r>   -10.3797     0.9286     1.0274 </r>
       <r>   -10.3120     2.5812     1.2022 </r>
       <r>   -10.2443     4.2889     1.4926 </r>
       <r>   -10.1766     5.0992     1.8379 </r>
       <r>   -10.1089     4.6160     2.1505 </r>
       <r>   -10.0412     3.2483     2.3705 </r>
       <r>    -9.9734     1.7222     2.4871 </r>
       <r>    -9.9057     0.5755     2.5261 </r>
       <r>    -9.8380    -0.0169     2.5249 </r>
       <r>    -9.7703    -0.1886     2.5122 </r>
       <r>    -9.7026    -0.1972     2.4988 </r>
       <r>    -9.6349    -0.2230     2.4837 </r>
       <r>    -9.5671    -0.2356     2.4677 </r>
       <r>    -9.4994     0.0557     2.4715 </r>
       <r>    -9.4317     1.0216     2.5407 </r>
       <r>    -9.3640     2.5925     2.7162 </r>
       <r>    -9.2963     3.9249     2.9820 </r>
       <r>    -9.2286     4.0186     3.2541 </r>
       <r>    -9.1608     2.7967     3.4435 </r>
       <r>    -9.0931     1.1964     3.5245 </r>
       <r>    -9.0254     0.1382     3.5339 </r>
       <r>    -8.9577    -0.2086     3.5198 </r>
       <r>    -8.8900    -0.1799     3.5076 </r>
       <r>    -8.8223    -0.0904     3.5015 </r>
       <r>    -8.7545    -0.0604     3.4974 </r>
       <r>    -8.6868    -0.1054     3.4902 </r>
       <r>    -8.6191    -0.1908     3.4773 </r>
       <r>    -8.5514    -0.1610     3.4664 </r>
       <r>    -8.4837     0.3056     3.4871 </r>
       <r>    -8.4160     1.4431     3.5848 </r>
       <r>    -8.3483     2.9115     3.7820 </r>
       <r>    -8.2805     3.8050     4.0396 </r>
       <r>    -8.2128     3.5899     4.2827 </r>
       <r>    -8.1451     2.9100     4.4798 </r>
       <r>    -8.0774     2.8801     4.6748 </r>
       <r>    -8.0097     3.5894     4.9179 </r>
       <r>    -7.9420     3.9503     5.1854 </r>
       <r>    -7.8742     3.1529     5.3989 </r>
       <r>    -7.8065     1.6308     5.5093 </r>
       <r>    -7.7388     0.3610     5.5337 </r>
       <r>    -7.6711    -0.2212     5.5188 </r>
       <r>    -7.6034    -0.3145     5.4975 </r>
       <r>    -7.5357    -0.1704     5.4859 </r>
       <r>    -7.4679     0.2271     5.5013 </r>
       <r>    -7.4002     0.9465     5.5654 </r>
       <r>    -7.3325     1.7387     5.6831 </r>
       <r>    -7.2648     2.0819     5.8241 </r>
       <r>    -7.1971     1.7055     5.9396 </r>
       <r>    -7.1294     0.9134     6.0014 </r>
       <r>    -7.0617     0.2393     6.0177 </r>
       <r>    -6.9939    -0.0675     6.0131 </r>
       <r>    -6.9262    -0.1063     6.0059 </r>
       <r>    -6.8585    -0.0625     6.0017 </r>
       <r>    -6.7908    -0.0379     5.9991 </r>
       <r>    -6.7231    -0.0669     5.9946 </r>
       <r>    -6.6554    -0.1661     5.9833 </r>
       <r>    -6.5876    -0.2885     5.9638 </r>
       <r>    -6.5199    -0.1775     5.9517 </r>
       <r>    -6.4522     0.6557     5.9961 </r>
       <r>    -6.3845     2.4925     6.1649 </r>
       <r>    -6.3168     4.7262     6.4850 </r>
       <r>    -6.2491     5.9596     6.8885 </r>
       <r>    -6.1813     5.2582     7.2446 </r>
       <r>    -6.1136     3.1509     7.4580 </r>
       <r>    -6.0459     1.0458     7.5288 </r>
       <r>    -5.9782    -0.0782     7.5235 </r>
       <r>    -5.9105    -0.1163     7.5156 </r>
       <r>    -5.8428     0.5535     7.5531 </r>
       <r>    -5.7750     1.3794     7.6465 </r>
       <r>    -5.7073     1.8320     7.7706 </r>
       <r>    -5.6396     1.8608     7.8966 </r>
       <r>    -5.5719     2.0672     8.0365 </r>
       <r>    -5.5042     2.9199     8.2343 </r>
       <r>    -5.4365     3.8854     8.4974 </r>
       <r>    -5.3688     3.9042     8.7617 </r>
       <r>    -5.3010     2.7122     8.9454 </r>
       <r>    -5.2333     1.1279     9.0218 </r>
       <r>    -5.1656     0.0424     9.0246 </r>
       <r>    -5.0979    -0.3272     9.0025 </r>
       <r>    -5.0302    -0.1763     8.9906 </r>
       <r>    -4.9625     0.3431     9.0138 </r>
       <r>    -4.8947     1.0902     9.0876 </r>
       <r>    -4.8270     1.7977     9.2093 </r>
       <r>    -4.7593     2.3396     9.3678 </r>
       <r>    -4.6916     2.9453     9.5672 </r>
       <r>    -4.6239     3.7197     9.8191 </r>
       <r>    -4.5562     4.1958    10.1032 </r>
       <r>    -4.4884     3.9137    10.3682 </r>
       <r>    -4.4207     3.1295    10.5802 </r>
       <r>    -4.3530     2.3712    10.7407 </r>
       <r>    -4.2853     1.7109    10.8566 </r>
       <r>    -4.2176     1.0843    10.9300 </r>
       <r>    -4.1499     0.9185    10.9922 </r>
       <r>    -4.0821     1.7736    11.1123 </r>
       <r>    -4.0144     3.4745    11.3476 </r>
       <r>    -3.9467     5.1196    11.6943 </r>
       <r>    -3.8790     6.0424    12.1034 </r>
       <r>    -3.8113     6.3773    12.5353 </r>
       <r>    -3.7436     6.5644    12.9798 </r>
       <r>    -3.6759     6.6992    13.4334 </r>
       <r>    -3.6081     6.5282    13.8755 </r>
       <r>    -3.5404     5.8105    14.2690 </r>
       <r>    -3.4727     4.6084    14.5810 </r>
       <r>    -3.4050     3.3887    14.8105 </r>
       <r>    -3.3373     2.8128    15.0010 </r>
       <r>    -3.2696     3.1658    15.2153 </r>
       <r>    -3.2018     3.8721    15.4775 </r>
       <r>    -3.1341     3.8900    15.7409 </r>
       <r>    -3.0664     2.8165    15.9317 </r>
       <r>    -2.9987     1.2910    16.0191 </r>
       <r>    -2.9310     0.1649    16.0303 </r>
       <r>    -2.8633    -0.3348    16.0076 </r>
       <r>    -2.7955    -0.4812    15.9750 </r>
       <r>    -2.7278    -0.4125    15.9471 </r>
       <r>    -2.6601     0.2191    15.9619 </r>
       <r>    -2.5924     1.9534    16.0942 </r>
       <r>    -2.5247     4.6794    16.4111 </r>
       <r>    -2.4570     7.0768    16.8903 </r>
       <r>    -2.3893     7.4484    17.3946 </r>
       <r>    -2.3215     5.5257    17.7688 </r>
       <r>    -2.2538     3.0958    17.9785 </r>
       <r>    -2.1861     2.3540    18.1379 </r>
       <r>    -2.1184     3.6772    18.3869 </r>
       <r>    -2.0507     5.3092    18.7464 </r>
       <r>    -1.9830     5.4011    19.1121 </r>
       <r>    -1.9152     4.1420    19.3926 </r>
       <r>    -1.8475     3.3809    19.6215 </r>
       <r>    -1.7798     4.2329    19.9082 </r>
       <r>    -1.7121     5.8457    20.3040 </r>
       <r>    -1.6444     6.7295    20.7597 </r>
       <r>    -1.5767     6.4936    21.1994 </r>
       <r>    -1.5089     5.8673    21.5967 </r>
       <r>    -1.4412     5.6621    21.9801 </r>
       <r>    -1.3735     6.0906    22.3926 </r>
       <r>    -1.3058     6.7506    22.8497 </r>
       <r>    -1.2381     7.2113    23.3380 </r>
       <r>    -1.1704     7.6267    23.8545 </r>
       <r>    -1.1026     8.3288    24.4185 </r>
       <r>    -1.0349     8.9513    25.0246 </r>
       <r>    -0.9672     8.7725    25.6186 </r>
       <r>    -0.8995     7.8613    26.1510 </r>
       <r>    -0.8318     7.0729    26.6299 </r>
       <r>    -0.7641     6.9748    27.1022 </r>
       <r>    -0.6964     7.3231    27.5981 </r>
       <r>    -0.6286     7.4121    28.1000 </r>
       <r>    -0.5609     6.7965    28.5603 </r>
       <r>    -0.4932     5.9678    28.9644 </r>
       <r>    -0.4255     6.0620    29.3749 </r>
       <r>    -0.3578     7.4823    29.8815 </r>
       <r>    -0.2901     9.1867    30.5036 </r>
       <r>    -0.2223     9.7307    31.1626 </r>
       <r>    -0.1546     8.7433    31.7546 </r>
       <r>    -0.0869     7.0589    32.2326 </r>
       <r>    -0.0192     5.5976    32.6117 </r>
       <r>     0.0485     4.5586    32.9204 </r>
       <r>     0.1162     3.6498    33.1675 </r>
       <r>     0.1840     2.6176    33.3448 </r>
       <r>     0.2517     1.4965    33.4461 </r>
       <r>     0.3194     0.6422    33.4896 </r>
       <r>     0.3871     0.5209    33.5249 </r>
       <r>     0.4548     1.3214    33.6143 </r>
       <r>     0.5225     2.7758    33.8023 </r>
       <r>     0.5902     4.3080    34.0940 </r>
       <r>     0.6580     5.2871    34.4520 </r>
       <r>     0.7257     5.3028    34.8111 </r>
       <r>     0.7934     4.3918    35.1085 </r>
       <r>     0.8611     3.0010    35.3117 </r>
       <r>     0.9288     1.7870    35.4327 </r>
       <r>     0.9965     1.4353    35.5299 </r>
       <r>     1.0643     2.2220    35.6804 </r>
       <r>     1.1320     3.4781    35.9159 </r>
       <r>     1.1997     3.9446    36.1830 </r>
       <r>     1.2674     3.0505    36.3896 </r>
       <r>     1.3351     1.5482    36.4944 </r>
       <r>     1.4028     0.6537    36.5387 </r>
       <r>     1.4706     0.8309    36.5950 </r>
       <r>     1.5383     1.5239    36.6982 </r>
       <r>     1.6060     1.8633    36.8243 </r>
       <r>     1.6737     1.5624    36.9301 </r>
       <r>     1.7414     1.1353    37.0070 </r>
       <r>     1.8091     1.2018    37.0884 </r>
       <r>     1.8769     1.6985    37.2034 </r>
       <r>     1.9446     1.9748    37.3371 </r>
       <r>     2.0123     1.6019    37.4456 </r>
       <r>     2.0800     0.8114    37.5006 </r>
       <r>     2.1477     0.1008    37.5074 </r>
       <r>     2.2154    -0.2787    37.4885 </r>
       <r>     2.2831    -0.2712    37.4701 </r>
       <r>     2.3509     0.2975    37.4903 </r>
       <r>     2.4186     1.5880    37.5978 </r>
       <r>     2.4863     3.1872    37.8136 </r>
       <r>     2.5540     4.0607    38.0886 </r>
       <r>     2.6217     3.5277    38.3275 </r>
       <r>     2.6894     2.1356    38.4721 </r>
       <r>     2.7572     1.1256    38.5483 </r>
       <r>     2.8249     1.1177    38.6240 </r>
       <r>     2.8926     1.6821    38.7379 </r>
       <r>     2.9603     2.1291    38.8821 </r>
       <r>     3.0280     2.2858    39.0369 </r>
       <r>     3.0957     2.3110    39.1934 </r>
       <r>     3.1635     2.1463    39.3387 </r>
       <r>     3.2312     1.6058    39.4475 </r>
       <r>     3.2989     0.8148    39.5026 </r>
       <r>     3.3666     0.1448    39.5124 </r>
       <r>     3.4343    -0.1852    39.4999 </r>
       <r>     3.5020    -0.1675    39.4886 </r>
       <r>     3.5698     0.2101    39.5028 </r>
       <r>     3.6375     0.9416    39.5665 </r>
       <r>     3.7052     1.7405    39.6844 </r>
       <r>     3.7729     2.0808    39.8253 </r>
       <r>     3.8406     1.6994    39.9404 </r>
       <r>     3.9083     0.9063    40.0018 </r>
       <r>     3.9760     0.2350    40.0177 </r>
       <r>     4.0438    -0.0686    40.0130 </r>
       <r>     4.1115    -0.1055    40.0059 </r>
       <r>     4.1792    -0.0588    40.0019 </r>
       <r>     4.2469    -0.0212    40.0005 </r>
       <r>     4.3146    -0.0055    40.0001 </r>
       <r>     4.3823    -0.0011    40.0000 </r>
       <r>     4.4501    -0.0002    40.0000 </r>
       <r>     4.5178    -0.0000    40.0000 </r>
       <r>     4.5855    -0.0000    40.0000 </r>
       <r>     4.6532    -0.0000    40.0000 </r>
       <r>     4.7209    -0.0000    40.0000 </r>
       <r>     4.7886    -0.0000    40.0000 </r>
       <r>     4.8564    -0.0000    40.0000 </r>
       <r>     4.9241    -0.0000    40.0000 </r>
       <r>     4.9918    -0.0000    40.0000 </r>
       <r>     5.0595     0.0000    40.0000 </r>
       <r>     5.1272     0.0000    40.0000 </r>
       <r>     5.1949     0.0000    40.0000 </r>
       <r>     5.2626     0.0000    40.0000 </r>
       <r>     5.3304     0.0000    40.0000 </r>
       <r>     5.3981     0.0000    40.0000 </r>
       <r>     5.4658     0.0000    40.0000 </r>
       <r>     5.5335     0.0000    40.0000 </r>
       <r>     5.6012     0.0000    40.0000 </r>
       <r>     5.6689     0.0000    40.0000 </r>
       <r>     5.7367     0.0000    40.0000 </r>
      </set>
     </set>
    </array>
   </total>
  </dos>
 </calculation>
 <structure name="finalpos" >
  <crystal>
   <varray name="basis" >
    <v>       2.68206763       0.00000000       0.00000000 </v>
    <v>       0.00000000       2.68206763       0.00000000 </v>
    <v>       0.00000000       0.00000000      30.56893416 </v>
   </varray>
   <i name="volume">    219.89722351 </i>
   <varray name="rec_basis" >
    <v>       0.37284668       0.00000000       0.00000000 </v>
    <v>       0.00000000       0.37284668       0.00000000 </v>
    <v>       0.00000000       0.00000000       0.03271295 </v>
   </varray>
  </crystal>
  <varray name="positions" >
   <v>       0.00000000       0.00000000       0.47222222 </v>
   <v>      -0.00000003       0.00000018       0.63539925 </v>
   <v>       0.49999990       0.49999931       0.42497541 </v>
   <v>       0.49999997       0.50000046       0.34870527 </v>
   <v>       0.50000025       0.50000005       0.59497323 </v>
   <v>       0.50000000       0.50000000       0.51767519 </v>
  </varray>
  <varray name="selective"  type="logical" >
   <v type="logical" >  F  F  F </v>
   <v type="logical" >  T  T  T </v>
   <v type="logical" >  T  T  T </v>
   <v type="logical" >  T  T  T </v>
   <v type="logical" >  T  T  T </v>
   <v type="logical" >  F  F  F </v>
  </varray>
  <nose>
   <v>      -3.00000000       0.00000000       0.00010000       0.00010000 </v>
  </nose>
 </structure>
</modeling>
