<?xml version="1.0" encoding="ISO-8859-1"?>
<modeling>
 <generator>
  <i name="program" type="string">vasp </i>
  <i name="version" type="string">5.4.4.18Apr17-6-g9f103f2a35  </i>
  <i name="subversion" type="string">(build Aug 07 2018 15:16:41) complex            parallel </i>
  <i name="platform" type="string">LinuxIFC </i>
  <i name="date" type="string">2020 04 01 </i>
  <i name="time" type="string">01:23:52 </i>
 </generator>
 <incar>
  <i type="string" name="PREC">normal</i>
  <i type="int" name="IBRION">     2</i>
  <i name="EDIFFG">     -0.03000000</i>
  <i type="int" name="NSW">   100</i>
  <i type="int" name="ISIF">     0</i>
  <i type="int" name="ISYM">     0</i>
  <i name="ENCUT">    350.00000000</i>
  <i type="string" name="LREAL"> Auto</i>
  <v type="int" name="KPOINT_BSE">    -1     0     0     0</v>
  <i type="string" name="GGA"> PS</i>
 </incar>
 <structure name="primitive_cell" >
  <crystal>
   <varray name="basis" >
    <v>       3.84516612       0.00000000       0.00000000 </v>
    <v>      -1.92258306       3.33001154       0.00000000 </v>
    <v>       0.00000000       0.00000000      38.19688116 </v>
   </varray>
   <i name="volume">    489.08996149 </i>
   <varray name="rec_basis" >
    <v>       0.26006679       0.15014963       0.00000000 </v>
    <v>       0.00000000       0.30029926       0.00000000 </v>
    <v>       0.00000000       0.00000000       0.02618015 </v>
   </varray>
  </crystal>
  <varray name="positions" >
   <v>       0.33333333      -0.33333333       0.37500000 </v>
   <v>      -0.33333333       0.33333333       0.45833333 </v>
   <v>       0.33333333      -0.33333333      -0.45833333 </v>
   <v>      -0.33333333       0.33333333      -0.37500000 </v>
  </varray>
 </structure>
 <varray name="primitive_index" >
  <v type="int" >        1 </v>
  <v type="int" >        2 </v>
  <v type="int" >        3 </v>
  <v type="int" >        4 </v>
 </varray>
 <kpoints>
  <generation param="Monkhorst-Pack">
   <v type="int" name="divisions">       4        4        1 </v>
   <v name="usershift">      0.00000000       0.00000000       0.00000000 </v>
   <v name="genvec1">      0.25000000       0.00000000       0.00000000 </v>
   <v name="genvec2">      0.00000000       0.25000000       0.00000000 </v>
   <v name="genvec3">      0.00000000       0.00000000       1.00000000 </v>
   <v name="shift">      0.50000000       0.50000000       0.00000000 </v>
  </generation>
  <varray name="kpointlist" >
   <v>       0.12500000       0.12500000       0.00000000 </v>
   <v>       0.25000000      -0.12500000       0.00000000 </v>
   <v>       0.12500000      -0.25000000       0.00000000 </v>
   <v>       0.37500000       0.12500000       0.00000000 </v>
   <v>       0.50000000      -0.37500000       0.00000000 </v>
   <v>       0.12500000       0.50000000       0.00000000 </v>
   <v>      -0.12500000      -0.37500000       0.00000000 </v>
   <v>       0.37500000       0.50000000       0.00000000 </v>
   <v>       0.50000000      -0.12500000       0.00000000 </v>
   <v>      -0.37500000       0.12500000       0.00000000 </v>
   <v>      -0.25000000       0.37500000       0.00000000 </v>
   <v>       0.12500000       0.25000000       0.00000000 </v>
   <v>      -0.12500000       0.37500000       0.00000000 </v>
   <v>      -0.37500000       0.25000000       0.00000000 </v>
   <v>      -0.25000000      -0.12500000       0.00000000 </v>
   <v>      -0.12500000       0.12500000       0.00000000 </v>
   <v>       0.00000000       0.12500000       0.00000000 </v>
   <v>       0.12500000       0.00000000       0.00000000 </v>
   <v>       0.37500000       0.37500000       0.00000000 </v>
   <v>      -0.25000000      -0.37500000       0.00000000 </v>
   <v>       0.37500000       0.25000000       0.00000000 </v>
   <v>      -0.37500000       0.37500000       0.00000000 </v>
   <v>       0.00000000       0.37500000       0.00000000 </v>
   <v>       0.37500000       0.00000000       0.00000000 </v>
  </varray>
  <varray name="weights" >
   <v>       0.04166667 </v>
   <v>       0.04166667 </v>
   <v>       0.04166667 </v>
   <v>       0.04166667 </v>
   <v>       0.04166667 </v>
   <v>       0.04166667 </v>
   <v>       0.04166667 </v>
   <v>       0.04166667 </v>
   <v>       0.04166667 </v>
   <v>       0.04166667 </v>
   <v>       0.04166667 </v>
   <v>       0.04166667 </v>
   <v>       0.04166667 </v>
   <v>       0.04166667 </v>
   <v>       0.04166667 </v>
   <v>       0.04166667 </v>
   <v>       0.04166667 </v>
   <v>       0.04166667 </v>
   <v>       0.04166667 </v>
   <v>       0.04166667 </v>
   <v>       0.04166667 </v>
   <v>       0.04166667 </v>
   <v>       0.04166667 </v>
   <v>       0.04166667 </v>
  </varray>
 </kpoints>
 <parameters>
  <separator name="general" >
   <i type="string" name="SYSTEM">unknown system</i>
   <i type="logical" name="LCOMPAT"> F  </i>
  </separator>
  <separator name="electronic" >
   <i type="string" name="PREC">normal</i>
   <i name="ENMAX">    350.00000000</i>
   <i name="ENAUG">    325.79900000</i>
   <i name="EDIFF">      0.00010000</i>
   <i type="int" name="IALGO">    38</i>
   <i type="int" name="IWAVPR">    11</i>
   <i type="int" name="NBANDS">    20</i>
   <i name="NELECT">     32.00000000</i>
   <i type="int" name="TURBO">     0</i>
   <i type="int" name="IRESTART">     0</i>
   <i type="int" name="NREBOOT">     0</i>
   <i type="int" name="NMIN">     0</i>
   <i name="EREF">      0.00000000</i>
   <separator name="electronic smearing" >
    <i type="int" name="ISMEAR">     1</i>
    <i name="SIGMA">      0.20000000</i>
    <i name="KSPACING">      0.50000000</i>
    <i type="logical" name="KGAMMA"> T  </i>
   </separator>
   <separator name="electronic projectors" >
    <i type="logical" name="LREAL"> T  </i>
    <v name="ROPT">     -0.00050000</v>
    <i type="int" name="LMAXPAW">  -100</i>
    <i type="int" name="LMAXMIX">     2</i>
    <i type="logical" name="NLSPLINE"> F  </i>
   </separator>
   <separator name="electronic startup" >
    <i type="int" name="ISTART">     0</i>
    <i type="int" name="ICHARG">     2</i>
    <i type="int" name="INIWAV">     1</i>
   </separator>
   <separator name="electronic spin" >
    <i type="int" name="ISPIN">     1</i>
    <i type="logical" name="LNONCOLLINEAR"> F  </i>
    <v name="MAGMOM">      1.00000000      1.00000000      1.00000000      1.00000000</v>
    <i name="NUPDOWN">     -1.00000000</i>
    <i type="logical" name="LSORBIT"> F  </i>
    <v name="SAXIS">      0.00000000      0.00000000      1.00000000</v>
    <i type="logical" name="LSPIRAL"> F  </i>
    <v name="QSPIRAL">      0.00000000      0.00000000      0.00000000</v>
    <i type="logical" name="LZEROZ"> F  </i>
   </separator>
   <separator name="electronic exchange-correlation" >
    <i type="logical" name="LASPH"> F  </i>
    <i type="logical" name="LMETAGGA"> F  </i>
   </separator>
   <separator name="electronic convergence" >
    <i type="int" name="NELM">    60</i>
    <i type="int" name="NELMDL">    -5</i>
    <i type="int" name="NELMIN">     2</i>
    <i name="ENINI">    350.00000000</i>
    <separator name="electronic convergence detail" >
     <i type="logical" name="LDIAG"> T  </i>
     <i type="logical" name="LSUBROT"> F  </i>
     <i name="WEIMIN">      0.00100000</i>
     <i name="EBREAK">      0.00000125</i>
     <i name="DEPER">      0.30000000</i>
     <i type="int" name="NRMM">     4</i>
     <i name="TIME">      0.40000000</i>
    </separator>
   </separator>
   <separator name="electronic mixer" >
    <i name="AMIX">      0.40000000</i>
    <i name="BMIX">      1.00000000</i>
    <i name="AMIN">      0.10000000</i>
    <i name="AMIX_MAG">      1.60000000</i>
    <i name="BMIX_MAG">      1.00000000</i>
    <separator name="electronic mixer details" >
     <i type="int" name="IMIX">     4</i>
     <i type="logical" name="MIXFIRST"> F  </i>
     <i type="int" name="MAXMIX">   -45</i>
     <i name="WC">    100.00000000</i>
     <i type="int" name="INIMIX">     1</i>
     <i type="int" name="MIXPRE">     1</i>
     <i type="int" name="MREMOVE">     5</i>
    </separator>
   </separator>
   <separator name="electronic dipolcorrection" >
    <i type="logical" name="LDIPOL"> F  </i>
    <i type="logical" name="LMONO"> F  </i>
    <i type="int" name="IDIPOL">     0</i>
    <i name="EPSILON">      1.00000000</i>
    <v name="DIPOL">   -100.00000000   -100.00000000   -100.00000000</v>
    <i name="EFIELD">      0.00000000</i>
   </separator>
  </separator>
  <separator name="grids" >
   <i type="int" name="NGX">    18</i>
   <i type="int" name="NGY">    18</i>
   <i type="int" name="NGZ">   180</i>
   <i type="int" name="NGXF">    36</i>
   <i type="int" name="NGYF">    36</i>
   <i type="int" name="NGZF">   360</i>
   <i type="logical" name="ADDGRID"> F  </i>
  </separator>
  <separator name="ionic" >
   <i type="int" name="NSW">   100</i>
   <i type="int" name="IBRION">     2</i>
   <i type="int" name="MDALGO">     0</i>
   <i type="int" name="ISIF">     0</i>
   <i name="PSTRESS">      0.00000000</i>
   <i name="EDIFFG">     -0.03000000</i>
   <i type="int" name="NFREE">     1</i>
   <i name="POTIM">      0.50000000</i>
   <i name="SMASS">     -3.00000000</i>
   <i name="SCALEE">      1.00000000</i>
  </separator>
  <separator name="ionic md" >
   <i name="TEBEG">      0.00010000</i>
   <i name="TEEND">      0.00010000</i>
   <i type="int" name="NBLOCK">     1</i>
   <i type="int" name="KBLOCK">   100</i>
   <i type="int" name="NPACO">   256</i>
   <i name="APACO">     16.00000000</i>
  </separator>
  <separator name="symmetry" >
   <i type="int" name="ISYM">     0</i>
   <i name="SYMPREC">      0.00001000</i>
  </separator>
  <separator name="dos" >
   <i type="int" name="LORBIT">     0</i>
   <v name="RWIGS">     -1.00000000</v>
   <i type="int" name="NEDOS">   301</i>
   <i name="EMIN">     10.00000000</i>
   <i name="EMAX">    -10.00000000</i>
   <i name="EFERMI">      0.00000000</i>
  </separator>
  <separator name="writing" >
   <i type="int" name="NWRITE">     2</i>
   <i type="logical" name="LWAVE"> T  </i>
   <i type="logical" name="LDOWNSAMPLE"> F  </i>
   <i type="logical" name="LCHARG"> T  </i>
   <i type="logical" name="LPARD"> F  </i>
   <i type="logical" name="LVTOT"> F  </i>
   <i type="logical" name="LVHAR"> F  </i>
   <i type="logical" name="LELF"> F  </i>
   <i type="logical" name="LOPTICS"> F  </i>
   <v name="STM">      0.00000000      0.00000000      0.00000000      0.00000000      0.00000000      0.00000000      0.00000000</v>
  </separator>
  <separator name="performance" >
   <i type="int" name="NPAR">     4</i>
   <i type="int" name="NSIM">     4</i>
   <i type="int" name="NBLK">    -1</i>
   <i type="logical" name="LPLANE"> T  </i>
   <i type="logical" name="LSCALAPACK"> T  </i>
   <i type="logical" name="LSCAAWARE"> F  </i>
   <i type="logical" name="LSCALU"> F  </i>
   <i type="logical" name="LASYNC"> F  </i>
   <i type="logical" name="LORBITALREAL"> F  </i>
  </separator>
  <separator name="miscellaneous" >
   <i type="int" name="IDIOT">     3</i>
   <i type="int" name="ISPECIAL">     0</i>
   <i type="logical" name="LMUSIC"> F  </i>
   <v name="POMASS">     40.07800000</v>
   <v name="DARWINR">      0.00000000</v>
   <v name="DARWINV">      1.00000000</v>
   <i type="logical" name="LCORR"> T  </i>
  </separator>
  <i type="logical" name="GGA_COMPAT"> T  </i>
  <i type="logical" name="LBERRY"> F  </i>
  <i type="int" name="ICORELEVEL">     0</i>
  <i type="logical" name="LDAU"> F  </i>
  <i type="int" name="I_CONSTRAINED_M">     0</i>
  <separator name="electronic exchange-correlation" >
   <i type="string" name="GGA">PS</i>
   <i type="int" name="VOSKOWN">     0</i>
   <i type="logical" name="LHFCALC"> F  </i>
   <i type="string" name="PRECFOCK"></i>
   <i type="logical" name="LSYMGRAD"> F  </i>
   <i type="logical" name="LHFONE"> F  </i>
   <i type="logical" name="LRHFCALC"> F  </i>
   <i type="logical" name="LTHOMAS"> F  </i>
   <i type="logical" name="LMODELHF"> F  </i>
   <i name="ENCUT4O">     -1.00000000</i>
   <i type="int" name="EXXOEP">     0</i>
   <i type="int" name="FOURORBIT">     0</i>
   <i name="AEXX">      0.00000000</i>
   <i name="HFALPHA">      0.00000000</i>
   <i name="MCALPHA">      0.00000000</i>
   <i name="ALDAX">      1.00000000</i>
   <i name="AGGAX">      1.00000000</i>
   <i name="ALDAC">      1.00000000</i>
   <i name="AGGAC">      1.00000000</i>
   <i type="int" name="NKREDX">     1</i>
   <i type="int" name="NKREDY">     1</i>
   <i type="int" name="NKREDZ">     1</i>
   <i type="logical" name="SHIFTRED"> F  </i>
   <i type="logical" name="ODDONLY"> F  </i>
   <i type="logical" name="EVENONLY"> F  </i>
   <i type="int" name="LMAXFOCK">     0</i>
   <i type="int" name="NMAXFOCKAE">     0</i>
   <i type="logical" name="LFOCKAEDFT"> F  </i>
   <i name="HFSCREEN">      0.00000000</i>
   <i name="HFSCREENC">      0.00000000</i>
   <i type="int" name="NBANDSGWLOW">     0</i>
  </separator>
  <separator name="vdW DFT" >
   <i type="logical" name="LUSE_VDW"> F  </i>
   <i name="Zab_VDW">     -0.84910000</i>
   <i name="PARAM1">      0.12340000</i>
   <i name="PARAM2">      1.00000000</i>
   <i name="PARAM3">      0.00000000</i>
  </separator>
  <separator name="model GW" >
   <i type="int" name="MODEL_GW">     0</i>
   <i name="MODEL_EPS0">     73.36349422</i>
   <i name="MODEL_ALPHA">      1.00000000</i>
  </separator>
  <separator name="linear response parameters" >
   <i type="logical" name="LEPSILON"> F  </i>
   <i type="logical" name="LRPA"> F  </i>
   <i type="logical" name="LNABLA"> F  </i>
   <i type="logical" name="LVEL"> F  </i>
   <i type="int" name="KINTER">     0</i>
   <i name="CSHIFT">      0.10000000</i>
   <i name="OMEGAMAX">     -1.00000000</i>
   <i name="DEG_THRESHOLD">      0.00200000</i>
   <i name="RTIME">     -0.10000000</i>
   <i name="WPLASMAI">      0.00000000</i>
   <v name="DFIELD">      0.00000000      0.00000000      0.00000000</v>
   <v name="WPLASMA">      0.00000000      0.00000000      0.00000000      0.00000000      0.00000000      0.00000000      0.00000000      0.00000000      0.00000000</v>
  </separator>
  <separator name="orbital magnetization" >
   <i type="logical" name="NUCIND"> F  </i>
   <v name="MAGPOS">      0.00000000      0.00000000      0.00000000</v>
   <i type="logical" name="LNICSALL"> T  </i>
   <i type="logical" name="ORBITALMAG"> F  </i>
   <i type="logical" name="LMAGBLOCH"> F  </i>
   <i type="logical" name="LCHIMAG"> F  </i>
   <i type="logical" name="LGAUGE"> T  </i>
   <i type="int" name="MAGATOM">     0</i>
   <v name="MAGDIPOL">      0.00000000      0.00000000      0.00000000</v>
   <v name="AVECCONST">      0.00000000      0.00000000      0.00000000</v>
  </separator>
  <separator name="response functions" >
   <i type="logical" name="LADDER"> F  </i>
   <i type="logical" name="LRPAFORCE"> F  </i>
   <i type="logical" name="LFXC"> F  </i>
   <i type="logical" name="LHARTREE"> T  </i>
   <i type="int" name="IBSE">     0</i>
   <v type="int" name="KPOINT">    -1     0     0     0</v>
   <i type="logical" name="LTCTE"> F  </i>
   <i type="logical" name="LTETE"> F  </i>
   <i type="logical" name="LTRIPLET"> F  </i>
   <i type="logical" name="LFXCEPS"> F  </i>
   <i type="logical" name="LFXHEG"> F  </i>
   <i type="int" name="NATURALO">     2</i>
   <i type="logical" name="L2ORDER"> F  </i>
   <i type="logical" name="LMP2LT"> F  </i>
   <i type="logical" name="LUSEW"> F  </i>
   <i name="ENCUTGW">     -2.00000000</i>
   <i name="ENCUTGWSOFT">     -2.00000000</i>
   <i name="ENCUTLF">     -1.00000000</i>
   <i type="int" name="LMAXMP2">    -1</i>
   <i name="SCISSOR">      0.00000000</i>
   <i type="int" name="NOMEGA">     0</i>
   <i type="int" name="NOMEGAR">     0</i>
   <i type="int" name="NBANDSGW">    -1</i>
   <i type="int" name="NBANDSO">    -1</i>
   <i type="int" name="NBANDSV">    -1</i>
   <i type="int" name="NELM">     1</i>
   <i type="int" name="NELMHF">     1</i>
   <i type="int" name="DIM">     3</i>
   <i type="int" name="ANTIRES">     0</i>
   <i name="OMEGAMAX">    -30.00000000</i>
   <i name="OMEGAMIN">    -30.00000000</i>
   <i name="OMEGATL">   -200.00000000</i>
   <i type="int" name="OMEGAGRID">   140</i>
   <i name="CSHIFT">     -0.10000000</i>
   <i type="logical" name="SELFENERGY"> F  </i>
   <i type="logical" name="LSPECTRAL"> F  </i>
   <i type="logical" name="LSPECTRALGW"> F  </i>
   <i type="logical" name="LSINGLES"> F  </i>
   <i type="logical" name="LFERMIGW"> F  </i>
   <i type="logical" name="ODDONLYGW"> F  </i>
   <i type="logical" name="EVENONLYGW"> F  </i>
   <i type="int" name="NKREDLFX">     1</i>
   <i type="int" name="NKREDLFY">     1</i>
   <i type="int" name="NKREDLFZ">     1</i>
   <i type="int" name="MAXMEM">  2800</i>
   <i type="int" name="TELESCOPE">     0</i>
   <i type="int" name="TAUPAR">     1</i>
   <i type="int" name="OMEGAPAR">    -1</i>
   <i name="LAMBDA">      1.00000000</i>
  </separator>
  <separator name="External order field" >
   <i name="OFIELD_KAPPA">      0.00000000</i>
   <v name="OFIELD_K">      0.00000000      0.00000000      0.00000000</v>
   <i name="OFIELD_Q6_NEAR">      0.00000000</i>
   <i name="OFIELD_Q6_FAR">      0.00000000</i>
   <i name="OFIELD_A">      0.00000000</i>
  </separator>
 </parameters>
 <atominfo>
  <atoms>       4 </atoms>
  <types>       1 </types>
  <array name="atoms" >
   <dimension dim="1">ion</dimension>
   <field type="string">element</field>
   <field type="int">atomtype</field>
   <set>
    <rc><c>Ca</c><c>   1</c></rc>
    <rc><c>Ca</c><c>   1</c></rc>
    <rc><c>Ca</c><c>   1</c></rc>
    <rc><c>Ca</c><c>   1</c></rc>
   </set>
  </array>
  <array name="atomtypes" >
   <dimension dim="1">type</dimension>
   <field type="int">atomspertype</field>
   <field type="string">element</field>
   <field>mass</field>
   <field>valence</field>
   <field type="string">pseudopotential</field>
   <set>
    <rc><c>   4</c><c>Ca</c><c>     40.07800000</c><c>      8.00000000</c><c>  PAW_PBE Ca_pv 06Sep2000               </c></rc>
   </set>
  </array>
 </atominfo>
 <structure name="initialpos" >
  <crystal>
   <varray name="basis" >
    <v>       3.84516612       0.00000000       0.00000000 </v>
    <v>      -1.92258306       3.33001154       0.00000000 </v>
    <v>       0.00000000       0.00000000      38.19688116 </v>
   </varray>
   <i name="volume">    489.08996149 </i>
   <varray name="rec_basis" >
    <v>       0.26006679       0.15014963       0.00000000 </v>
    <v>       0.00000000       0.30029926       0.00000000 </v>
    <v>       0.00000000       0.00000000       0.02618015 </v>
   </varray>
  </crystal>
  <varray name="positions" >
   <v>       0.33333333       0.66666667       0.37500000 </v>
   <v>       0.66666667       0.33333333       0.45833333 </v>
   <v>       0.33333333       0.66666667       0.54166667 </v>
   <v>       0.66666667       0.33333333       0.62500000 </v>
  </varray>
  <varray name="selective"  type="logical" >
   <v type="logical" >  T  T  T </v>
   <v type="logical" >  F  F  F </v>
   <v type="logical" >  F  F  F </v>
   <v type="logical" >  T  T  T </v>
  </varray>
  <nose>
   <v>      -3.00000000       0.00000000       0.00010000       0.00010000 </v>
  </nose>
 </structure>
 <calculation>
  <scstep>
   <time name="dav">    0.90    0.93</time>
   <time name="total">    0.94    1.00</time>
   <energy>
    <i name="alphaZ">     24.18360047 </i>
    <i name="ewald">   9010.98924981 </i>
    <i name="hartreedc"> -10908.59631541 </i>
    <i name="XCdc">     62.80818418 </i>
    <i name="pawpsdc">   1752.44801911 </i>
    <i name="pawaedc">  -1747.11943236 </i>
    <i name="eentropy">     -0.00005832 </i>
    <i name="bandstr">   -442.12617052 </i>
    <i name="atom">   2447.73012105 </i>
    <i name="e_fr_energy">    200.31719802 </i>
    <i name="e_wo_entrp">    200.31725634 </i>
    <i name="e_0_energy">    200.31721746 </i>
   </energy>
  </scstep>
  <scstep>
   <time name="dav">    0.85    0.85</time>
   <time name="total">    0.85    0.85</time>
   <energy>
    <i name="e_fr_energy">     13.36528503 </i>
    <i name="e_wo_entrp">     13.37389190 </i>
    <i name="e_0_energy">     13.36815398 </i>
   </energy>
  </scstep>
  <scstep>
   <time name="dav">    0.98    0.98</time>
   <time name="total">    0.98    0.98</time>
   <energy>
    <i name="e_fr_energy">     -6.78220742 </i>
    <i name="e_wo_entrp">     -6.77971690 </i>
    <i name="e_0_energy">     -6.78137724 </i>
   </energy>
  </scstep>
  <scstep>
   <time name="dav">    1.18    1.18</time>
   <time name="total">    1.18    1.18</time>
   <energy>
    <i name="e_fr_energy">     -8.28617439 </i>
    <i name="e_wo_entrp">     -8.29099888 </i>
    <i name="e_0_energy">     -8.28778255 </i>
   </energy>
  </scstep>
  <scstep>
   <time name="dav">    1.09    1.09</time>
   <time name="total">    1.15    1.15</time>
   <energy>
    <i name="e_fr_energy">     -8.34547816 </i>
    <i name="e_wo_entrp">     -8.34955288 </i>
    <i name="e_0_energy">     -8.34683640 </i>
   </energy>
  </scstep>
  <scstep>
   <time name="dav">    1.19    1.19</time>
   <time name="total">    1.28    1.28</time>
   <energy>
    <i name="e_fr_energy">     -8.23070926 </i>
    <i name="e_wo_entrp">     -8.26099970 </i>
    <i name="e_0_energy">     -8.24080607 </i>
   </energy>
  </scstep>
  <scstep>
   <time name="dav">    1.09    1.09</time>
   <time name="total">    1.18    1.18</time>
   <energy>
    <i name="e_fr_energy">     -7.62782067 </i>
    <i name="e_wo_entrp">     -7.65337098 </i>
    <i name="e_0_energy">     -7.63633744 </i>
   </energy>
  </scstep>
  <scstep>
   <time name="dav">    1.03    1.03</time>
   <time name="total">    1.12    1.12</time>
   <energy>
    <i name="e_fr_energy">     -7.60068714 </i>
    <i name="e_wo_entrp">     -7.61377351 </i>
    <i name="e_0_energy">     -7.60504926 </i>
   </energy>
  </scstep>
  <scstep>
   <time name="dav">    1.12    1.12</time>
   <time name="total">    1.21    1.21</time>
   <energy>
    <i name="e_fr_energy">     -7.61164179 </i>
    <i name="e_wo_entrp">     -7.62475194 </i>
    <i name="e_0_energy">     -7.61601184 </i>
   </energy>
  </scstep>
  <scstep>
   <time name="dav">    1.07    1.07</time>
   <time name="total">    1.16    1.16</time>
   <energy>
    <i name="e_fr_energy">     -7.60220388 </i>
    <i name="e_wo_entrp">     -7.61483669 </i>
    <i name="e_0_energy">     -7.60641482 </i>
   </energy>
  </scstep>
  <scstep>
   <time name="dav">    1.01    1.02</time>
   <time name="total">    1.10    1.10</time>
   <energy>
    <i name="e_fr_energy">     -7.60100263 </i>
    <i name="e_wo_entrp">     -7.61224660 </i>
    <i name="e_0_energy">     -7.60475062 </i>
   </energy>
  </scstep>
  <scstep>
   <time name="dav">    1.07    1.07</time>
   <time name="total">    1.16    1.16</time>
   <energy>
    <i name="e_fr_energy">     -7.60200091 </i>
    <i name="e_wo_entrp">     -7.61310378 </i>
    <i name="e_0_energy">     -7.60570187 </i>
   </energy>
  </scstep>
  <scstep>
   <time name="dav">    0.75    0.75</time>
   <time name="total">    0.83    0.83</time>
   <energy>
    <i name="e_fr_energy">     -7.60240079 </i>
    <i name="e_wo_entrp">     -7.61342002 </i>
    <i name="e_0_energy">     -7.60607386 </i>
   </energy>
  </scstep>
  <scstep>
   <time name="dav">    0.76    0.76</time>
   <time name="total">    0.85    0.85</time>
   <energy>
    <i name="e_fr_energy">     -7.60287017 </i>
    <i name="e_wo_entrp">     -7.61371947 </i>
    <i name="e_0_energy">     -7.60648660 </i>
   </energy>
  </scstep>
  <scstep>
   <time name="dav">    0.81    0.81</time>
   <time name="total">    0.90    0.90</time>
   <energy>
    <i name="e_fr_energy">     -7.60303808 </i>
    <i name="e_wo_entrp">     -7.61371976 </i>
    <i name="e_0_energy">     -7.60659864 </i>
   </energy>
  </scstep>
  <scstep>
   <time name="dav">    0.71    0.71</time>
   <time name="total">    0.79    0.79</time>
   <energy>
    <i name="e_fr_energy">     -7.60314629 </i>
    <i name="e_wo_entrp">     -7.61376607 </i>
    <i name="e_0_energy">     -7.60668622 </i>
   </energy>
  </scstep>
  <scstep>
   <time name="dav">    0.64    0.64</time>
   <time name="total">    0.67    0.67</time>
   <energy>
    <i name="alphaZ">     24.18360047 </i>
    <i name="ewald">   9010.98924981 </i>
    <i name="hartreedc"> -10964.02097084 </i>
    <i name="XCdc">     63.58739865 </i>
    <i name="pawpsdc">   1757.06308747 </i>
    <i name="pawaedc">  -1746.62992963 </i>
    <i name="eentropy">      0.01062568 </i>
    <i name="bandstr">   -600.51642466 </i>
    <i name="atom">   2447.73012105 </i>
    <i name="e_fr_energy">     -7.60324198 </i>
    <i name="e_wo_entrp">     -7.61386767 </i>
    <i name="e_0_energy">     -7.60678388 </i>
   </energy>
  </scstep>
  <structure>
   <crystal>
    <varray name="basis" >
     <v>       3.84516612       0.00000000       0.00000000 </v>
     <v>      -1.92258306       3.33001154       0.00000000 </v>
     <v>       0.00000000       0.00000000      38.19688116 </v>
    </varray>
    <i name="volume">    489.08996149 </i>
    <varray name="rec_basis" >
     <v>       0.26006679       0.15014963       0.00000000 </v>
     <v>       0.00000000       0.30029926       0.00000000 </v>
     <v>       0.00000000       0.00000000       0.02618015 </v>
    </varray>
   </crystal>
   <varray name="positions" >
    <v>       0.33333333       0.66666667       0.37500000 </v>
    <v>       0.66666667       0.33333333       0.45833333 </v>
    <v>       0.33333333       0.66666667       0.54166667 </v>
    <v>       0.66666667       0.33333333       0.62500000 </v>
   </varray>
  </structure>
  <varray name="forces" >
   <v>      -0.00000825      -0.00001971       0.10823978 </v>
   <v>       0.00005120       0.00002482      -0.07087376 </v>
   <v>      -0.00005278       0.00005072       0.07054841 </v>
   <v>       0.00000982      -0.00005583      -0.10791443 </v>
  </varray>
  <energy>
   <i name="e_fr_energy">     -7.60324198 </i>
   <i name="e_wo_entrp">     -7.60678388 </i>
   <i name="e_0_energy">      0.01062568 </i>
  </energy>
  <time name="totalsc">   18.53   18.77</time>
 </calculation>
 <calculation>
  <scstep>
   <time name="dav">    1.18    1.18</time>
   <time name="total">    1.27    1.28</time>
   <energy>
    <i name="alphaZ">     24.18360047 </i>
    <i name="ewald">   9020.38922373 </i>
    <i name="hartreedc"> -10973.47343547 </i>
    <i name="XCdc">     63.59187579 </i>
    <i name="pawpsdc">   1757.00708347 </i>
    <i name="pawaedc">  -1746.57263053 </i>
    <i name="eentropy">      0.01123198 </i>
    <i name="bandstr">   -600.47119323 </i>
    <i name="atom">   2447.73012105 </i>
    <i name="e_fr_energy">     -7.60412275 </i>
    <i name="e_wo_entrp">     -7.61535473 </i>
    <i name="e_0_energy">     -7.60786674 </i>
   </energy>
  </scstep>
  <scstep>
   <time name="dav">    0.92    0.92</time>
   <time name="total">    1.01    1.01</time>
   <energy>
    <i name="e_fr_energy">     -7.60441386 </i>
    <i name="e_wo_entrp">     -7.61523151 </i>
    <i name="e_0_energy">     -7.60801974 </i>
   </energy>
  </scstep>
  <scstep>
   <time name="dav">    0.83    0.83</time>
   <time name="total">    0.86    0.86</time>
   <energy>
    <i name="alphaZ">     24.18360047 </i>
    <i name="ewald">   9020.38922373 </i>
    <i name="hartreedc"> -10973.60300743 </i>
    <i name="XCdc">     63.59361621 </i>
    <i name="pawpsdc">   1757.16053630 </i>
    <i name="pawaedc">  -1746.72887055 </i>
    <i name="eentropy">      0.01113426 </i>
    <i name="bandstr">   -600.34080233 </i>
    <i name="atom">   2447.73012105 </i>
    <i name="e_fr_energy">     -7.60444828 </i>
    <i name="e_wo_entrp">     -7.61558254 </i>
    <i name="e_0_energy">     -7.60815970 </i>
   </energy>
  </scstep>
  <structure>
   <crystal>
    <varray name="basis" >
     <v>       3.84516612       0.00000000       0.00000000 </v>
     <v>      -1.92258306       3.33001154       0.00000000 </v>
     <v>       0.00000000       0.00000000      38.19688116 </v>
    </varray>
    <i name="volume">    489.08996149 </i>
    <varray name="rec_basis" >
     <v>       0.26006679       0.15014963       0.00000000 </v>
     <v>       0.00000000       0.30029926       0.00000000 </v>
     <v>       0.00000000       0.00000000       0.02618015 </v>
    </varray>
   </crystal>
   <varray name="positions" >
    <v>       0.33333308       0.66666638       0.37513671 </v>
    <v>       0.66666667       0.33333333       0.45833333 </v>
    <v>       0.33333333       0.66666667       0.54166667 </v>
    <v>       0.66666639       0.33333252       0.62486370 </v>
   </varray>
  </structure>
  <varray name="forces" >
   <v>       0.00003101      -0.00001213       0.09539586 </v>
   <v>      -0.00000756       0.00002274      -0.06745281 </v>
   <v>      -0.00000931       0.00002262       0.07093017 </v>
   <v>      -0.00001414      -0.00003323      -0.09887321 </v>
  </varray>
  <energy>
   <i name="e_fr_energy">     -7.60444828 </i>
   <i name="e_wo_entrp">     -7.60815970 </i>
   <i name="e_0_energy">      0.01113426 </i>
  </energy>
  <time name="totalsc">    3.56    3.58</time>
 </calculation>
 <calculation>
  <scstep>
   <time name="dav">    1.13    1.13</time>
   <time name="total">    1.22    1.23</time>
   <energy>
    <i name="alphaZ">     24.18360047 </i>
    <i name="ewald">   9048.61804123 </i>
    <i name="hartreedc"> -11001.83368642 </i>
    <i name="XCdc">     63.60575926 </i>
    <i name="pawpsdc">   1757.17413827 </i>
    <i name="pawaedc">  -1746.74246526 </i>
    <i name="eentropy">      0.01305018 </i>
    <i name="bandstr">   -600.35332074 </i>
    <i name="atom">   2447.73012105 </i>
    <i name="e_fr_energy">     -7.60476195 </i>
    <i name="e_wo_entrp">     -7.61781212 </i>
    <i name="e_0_energy">     -7.60911201 </i>
   </energy>
  </scstep>
  <scstep>
   <time name="dav">    1.04    1.04</time>
   <time name="total">    1.13    1.13</time>
   <energy>
    <i name="e_fr_energy">     -7.60861181 </i>
    <i name="e_wo_entrp">     -7.62028647 </i>
    <i name="e_0_energy">     -7.61250336 </i>
   </energy>
  </scstep>
  <scstep>
   <time name="dav">    1.25    1.25</time>
   <time name="total">    1.34    1.34</time>
   <energy>
    <i name="e_fr_energy">     -7.60958862 </i>
    <i name="e_wo_entrp">     -7.62165952 </i>
    <i name="e_0_energy">     -7.61361225 </i>
   </energy>
  </scstep>
  <scstep>
   <time name="dav">    0.88    0.88</time>
   <time name="total">    0.97    0.97</time>
   <energy>
    <i name="e_fr_energy">     -7.60754176 </i>
    <i name="e_wo_entrp">     -7.62001487 </i>
    <i name="e_0_energy">     -7.61169946 </i>
   </energy>
  </scstep>
  <scstep>
   <time name="dav">    0.91    0.91</time>
   <time name="total">    0.94    0.94</time>
   <energy>
    <i name="alphaZ">     24.18360047 </i>
    <i name="ewald">   9048.61804123 </i>
    <i name="hartreedc"> -11002.39205484 </i>
    <i name="XCdc">     63.61172562 </i>
    <i name="pawpsdc">   1758.09110678 </i>
    <i name="pawaedc">  -1747.66732374 </i>
    <i name="eentropy">      0.01211311 </i>
    <i name="bandstr">   -599.79484408 </i>
    <i name="atom">   2447.73012105 </i>
    <i name="e_fr_energy">     -7.60751439 </i>
    <i name="e_wo_entrp">     -7.61962751 </i>
    <i name="e_0_energy">     -7.61155210 </i>
   </energy>
  </scstep>
  <structure>
   <crystal>
    <varray name="basis" >
     <v>       3.84516612       0.00000000       0.00000000 </v>
     <v>      -1.92258306       3.33001154       0.00000000 </v>
     <v>       0.00000000       0.00000000      38.19688116 </v>
    </varray>
    <i name="volume">    489.08996149 </i>
    <varray name="rec_basis" >
     <v>       0.26006679       0.15014963       0.00000000 </v>
     <v>       0.00000000       0.30029926       0.00000000 </v>
     <v>       0.00000000       0.00000000       0.02618015 </v>
    </varray>
   </crystal>
   <varray name="positions" >
    <v>       0.33333235       0.66666553       0.37554683 </v>
    <v>       0.66666667       0.33333333       0.45833333 </v>
    <v>       0.33333333       0.66666667       0.54166667 </v>
    <v>       0.66666555       0.33333009       0.62445482 </v>
   </varray>
  </structure>
  <varray name="forces" >
   <v>       0.00000263      -0.00000946       0.08473317 </v>
   <v>       0.00001815       0.00000217      -0.05951472 </v>
   <v>      -0.00002405       0.00000712       0.05937154 </v>
   <v>       0.00000327       0.00000018      -0.08458999 </v>
  </varray>
  <energy>
   <i name="e_fr_energy">     -7.60751439 </i>
   <i name="e_wo_entrp">     -7.61155210 </i>
   <i name="e_0_energy">      0.01211311 </i>
  </energy>
  <time name="totalsc">    6.03    6.05</time>
 </calculation>
 <calculation>
  <scstep>
   <time name="dav">    1.04    1.04</time>
   <time name="total">    1.13    1.13</time>
   <energy>
    <i name="alphaZ">     24.18360047 </i>
    <i name="ewald">   9105.20541414 </i>
    <i name="hartreedc"> -11058.80828827 </i>
    <i name="XCdc">     63.63542146 </i>
    <i name="pawpsdc">   1758.25297857 </i>
    <i name="pawaedc">  -1747.82746436 </i>
    <i name="eentropy">      0.01692584 </i>
    <i name="bandstr">   -599.99069738 </i>
    <i name="atom">   2447.73012105 </i>
    <i name="e_fr_energy">     -7.60198847 </i>
    <i name="e_wo_entrp">     -7.61891431 </i>
    <i name="e_0_energy">     -7.60763042 </i>
   </energy>
  </scstep>
  <scstep>
   <time name="dav">    0.81    0.81</time>
   <time name="total">    0.89    0.89</time>
   <energy>
    <i name="e_fr_energy">     -7.61241734 </i>
    <i name="e_wo_entrp">     -7.62640596 </i>
    <i name="e_0_energy">     -7.61708021 </i>
   </energy>
  </scstep>
  <scstep>
   <time name="dav">    1.24    1.24</time>
   <time name="total">    1.33    1.33</time>
   <energy>
    <i name="e_fr_energy">     -7.61307744 </i>
    <i name="e_wo_entrp">     -7.62869811 </i>
    <i name="e_0_energy">     -7.61828433 </i>
   </energy>
  </scstep>
  <scstep>
   <time name="dav">    1.13    1.13</time>
   <time name="total">    1.21    1.21</time>
   <energy>
    <i name="e_fr_energy">     -7.61284393 </i>
    <i name="e_wo_entrp">     -7.62759547 </i>
    <i name="e_0_energy">     -7.61776111 </i>
   </energy>
  </scstep>
  <scstep>
   <time name="dav">    0.66    0.66</time>
   <time name="total">    0.69    0.69</time>
   <energy>
    <i name="alphaZ">     24.18360047 </i>
    <i name="ewald">   9105.20541414 </i>
    <i name="hartreedc"> -11059.88865681 </i>
    <i name="XCdc">     63.64788152 </i>
    <i name="pawpsdc">   1760.32020668 </i>
    <i name="pawaedc">  -1749.90959341 </i>
    <i name="eentropy">      0.01478179 </i>
    <i name="bandstr">   -598.91661209 </i>
    <i name="atom">   2447.73012105 </i>
    <i name="e_fr_energy">     -7.61285666 </i>
    <i name="e_wo_entrp">     -7.62763846 </i>
    <i name="e_0_energy">     -7.61778393 </i>
   </energy>
  </scstep>
  <structure>
   <crystal>
    <varray name="basis" >
     <v>       3.84516612       0.00000000       0.00000000 </v>
     <v>      -1.92258306       3.33001154       0.00000000 </v>
     <v>       0.00000000       0.00000000      38.19688116 </v>
    </varray>
    <i name="volume">    489.08996149 </i>
    <varray name="rec_basis" >
     <v>       0.26006679       0.15014963       0.00000000 </v>
     <v>       0.00000000       0.30029926       0.00000000 </v>
     <v>       0.00000000       0.00000000       0.02618015 </v>
    </varray>
   </crystal>
   <varray name="positions" >
    <v>       0.33333087       0.66666381       0.37636707 </v>
    <v>       0.66666667       0.33333333       0.45833333 </v>
    <v>       0.33333333       0.66666667       0.54166667 </v>
    <v>       0.66666386       0.33332524       0.62363704 </v>
   </varray>
  </structure>
  <varray name="forces" >
   <v>      -0.00000228       0.00000709       0.06443120 </v>
   <v>      -0.00000120      -0.00000069      -0.03306037 </v>
   <v>      -0.00000071      -0.00000292       0.03065194 </v>
   <v>       0.00000418      -0.00000348      -0.06202278 </v>
  </varray>
  <energy>
   <i name="e_fr_energy">     -7.61285666 </i>
   <i name="e_wo_entrp">     -7.61778393 </i>
   <i name="e_0_energy">      0.01478179 </i>
  </energy>
  <time name="totalsc">    5.66    5.68</time>
 </calculation>
 <calculation>
  <scstep>
   <time name="dav">    1.09    1.09</time>
   <time name="total">    1.18    1.18</time>
   <energy>
    <i name="alphaZ">     24.18360047 </i>
    <i name="ewald">   9218.89651875 </i>
    <i name="hartreedc"> -11173.22770766 </i>
    <i name="XCdc">     63.69683924 </i>
    <i name="pawpsdc">   1760.40771699 </i>
    <i name="pawaedc">  -1749.99622429 </i>
    <i name="eentropy">      0.02633833 </i>
    <i name="bandstr">   -599.28644718 </i>
    <i name="atom">   2447.73012105 </i>
    <i name="e_fr_energy">     -7.56924429 </i>
    <i name="e_wo_entrp">     -7.59558262 </i>
    <i name="e_0_energy">     -7.57802373 </i>
   </energy>
  </scstep>
  <scstep>
   <time name="dav">    0.92    0.92</time>
   <time name="total">    1.01    1.01</time>
   <energy>
    <i name="e_fr_energy">     -7.61733766 </i>
    <i name="e_wo_entrp">     -7.63684100 </i>
    <i name="e_0_energy">     -7.62383878 </i>
   </energy>
  </scstep>
  <scstep>
   <time name="dav">    1.18    1.18</time>
   <time name="total">    1.27    1.27</time>
   <energy>
    <i name="e_fr_energy">     -7.62442617 </i>
    <i name="e_wo_entrp">     -7.64688379 </i>
    <i name="e_0_energy">     -7.63191205 </i>
   </energy>
  </scstep>
  <scstep>
   <time name="dav">    1.21    1.21</time>
   <time name="total">    1.30    1.30</time>
   <energy>
    <i name="e_fr_energy">     -7.62001499 </i>
    <i name="e_wo_entrp">     -7.64210781 </i>
    <i name="e_0_energy">     -7.62737927 </i>
   </energy>
  </scstep>
  <scstep>
   <time name="dav">    1.10    1.10</time>
   <time name="total">    1.19    1.19</time>
   <energy>
    <i name="e_fr_energy">     -7.61892728 </i>
    <i name="e_wo_entrp">     -7.64018299 </i>
    <i name="e_0_energy">     -7.62601252 </i>
   </energy>
  </scstep>
  <scstep>
   <time name="dav">    0.88    0.88</time>
   <time name="total">    0.91    0.91</time>
   <energy>
    <i name="alphaZ">     24.18360047 </i>
    <i name="ewald">   9218.89651875 </i>
    <i name="hartreedc"> -11175.38640737 </i>
    <i name="XCdc">     63.72445875 </i>
    <i name="pawpsdc">   1766.29876152 </i>
    <i name="pawaedc">  -1755.92881083 </i>
    <i name="eentropy">      0.02136292 </i>
    <i name="bandstr">   -597.15858941 </i>
    <i name="atom">   2447.73012105 </i>
    <i name="e_fr_energy">     -7.61898415 </i>
    <i name="e_wo_entrp">     -7.64034707 </i>
    <i name="e_0_energy">     -7.62610512 </i>
   </energy>
  </scstep>
  <structure>
   <crystal>
    <varray name="basis" >
     <v>       3.84516612       0.00000000       0.00000000 </v>
     <v>      -1.92258306       3.33001154       0.00000000 </v>
     <v>       0.00000000       0.00000000      38.19688116 </v>
    </varray>
    <i name="volume">    489.08996149 </i>
    <varray name="rec_basis" >
     <v>       0.26006679       0.15014963       0.00000000 </v>
     <v>       0.00000000       0.30029926       0.00000000 </v>
     <v>       0.00000000       0.00000000       0.02618015 </v>
    </varray>
   </crystal>
   <varray name="positions" >
    <v>       0.33332791       0.66666039       0.37800755 </v>
    <v>       0.66666667       0.33333333       0.45833333 </v>
    <v>       0.33333333       0.66666667       0.54166667 </v>
    <v>       0.66666048       0.33331554       0.62200149 </v>
   </varray>
  </structure>
  <varray name="forces" >
   <v>      -0.00000335       0.00000732       0.01078434 </v>
   <v>       0.00000029       0.00000149       0.01333183 </v>
   <v>       0.00000264      -0.00000527      -0.01479996 </v>
   <v>       0.00000042      -0.00000355      -0.00931621 </v>
  </varray>
  <energy>
   <i name="e_fr_energy">     -7.61898415 </i>
   <i name="e_wo_entrp">     -7.62610512 </i>
   <i name="e_0_energy">      0.02136292 </i>
  </energy>
  <time name="totalsc">    7.42    7.93</time>
  <eigenvalues>
   <array>
    <dimension dim="1">band</dimension>
    <dimension dim="2">kpoint</dimension>
    <dimension dim="3">spin</dimension>
    <field>eigene</field>
    <field>occ</field>
    <set>
     <set comment="spin 1">
      <set comment="kpoint 1">
       <r>  -24.3170    1.0000 </r>
       <r>  -24.3159    1.0000 </r>
       <r>  -24.2049    1.0000 </r>
       <r>  -24.2039    1.0000 </r>
       <r>  -24.1698    1.0000 </r>
       <r>  -24.1688    1.0000 </r>
       <r>  -23.9253    1.0000 </r>
       <r>  -23.8703    1.0000 </r>
       <r>  -23.8473    1.0000 </r>
       <r>  -23.8450    1.0000 </r>
       <r>  -23.8215    1.0000 </r>
       <r>  -23.8116    1.0000 </r>
       <r>   -4.4006    1.0000 </r>
       <r>   -3.9087    1.0000 </r>
       <r>   -3.0747    1.0000 </r>
       <r>   -2.1199    1.0000 </r>
       <r>   -1.0455    0.1012 </r>
       <r>   -0.5279   -0.0000 </r>
       <r>   -0.0973   -0.0000 </r>
       <r>    0.2801   -0.0000 </r>
      </set>
      <set comment="kpoint 2">
       <r>  -24.3170    1.0000 </r>
       <r>  -24.3159    1.0000 </r>
       <r>  -24.2049    1.0000 </r>
       <r>  -24.2039    1.0000 </r>
       <r>  -24.1698    1.0000 </r>
       <r>  -24.1688    1.0000 </r>
       <r>  -23.9253    1.0000 </r>
       <r>  -23.8703    1.0000 </r>
       <r>  -23.8473    1.0000 </r>
       <r>  -23.8450    1.0000 </r>
       <r>  -23.8215    1.0000 </r>
       <r>  -23.8116    1.0000 </r>
       <r>   -4.4006    1.0000 </r>
       <r>   -3.9087    1.0000 </r>
       <r>   -3.0747    1.0000 </r>
       <r>   -2.1199    1.0000 </r>
       <r>   -1.0455    0.1012 </r>
       <r>   -0.5279   -0.0000 </r>
       <r>   -0.0973   -0.0000 </r>
       <r>    0.2801   -0.0000 </r>
      </set>
      <set comment="kpoint 3">
       <r>  -24.3170    1.0000 </r>
       <r>  -24.3159    1.0000 </r>
       <r>  -24.2049    1.0000 </r>
       <r>  -24.2039    1.0000 </r>
       <r>  -24.1698    1.0000 </r>
       <r>  -24.1688    1.0000 </r>
       <r>  -23.9253    1.0000 </r>
       <r>  -23.8703    1.0000 </r>
       <r>  -23.8473    1.0000 </r>
       <r>  -23.8450    1.0000 </r>
       <r>  -23.8215    1.0000 </r>
       <r>  -23.8116    1.0000 </r>
       <r>   -4.4006    1.0000 </r>
       <r>   -3.9087    1.0000 </r>
       <r>   -3.0747    1.0000 </r>
       <r>   -2.1199    1.0000 </r>
       <r>   -1.0455    0.1012 </r>
       <r>   -0.5279   -0.0000 </r>
       <r>   -0.0973   -0.0000 </r>
       <r>    0.2801   -0.0000 </r>
      </set>
      <set comment="kpoint 4">
       <r>  -24.3049    1.0000 </r>
       <r>  -24.3038    1.0000 </r>
       <r>  -24.2737    1.0000 </r>
       <r>  -24.2727    1.0000 </r>
       <r>  -24.1965    1.0000 </r>
       <r>  -24.1955    1.0000 </r>
       <r>  -23.9322    1.0000 </r>
       <r>  -23.9265    1.0000 </r>
       <r>  -23.8832    1.0000 </r>
       <r>  -23.8662    1.0000 </r>
       <r>  -23.8488    1.0000 </r>
       <r>  -23.8350    1.0000 </r>
       <r>   -2.4329    1.0000 </r>
       <r>   -2.0804    1.0000 </r>
       <r>   -1.5503    1.0088 </r>
       <r>   -1.3088    0.9796 </r>
       <r>   -0.9328   -0.0335 </r>
       <r>   -0.7913   -0.0135 </r>
       <r>   -0.7413   -0.0062 </r>
       <r>   -0.3999   -0.0000 </r>
      </set>
      <set comment="kpoint 5">
       <r>  -24.3049    1.0000 </r>
       <r>  -24.3038    1.0000 </r>
       <r>  -24.2737    1.0000 </r>
       <r>  -24.2727    1.0000 </r>
       <r>  -24.1965    1.0000 </r>
       <r>  -24.1955    1.0000 </r>
       <r>  -23.9322    1.0000 </r>
       <r>  -23.9265    1.0000 </r>
       <r>  -23.8832    1.0000 </r>
       <r>  -23.8662    1.0000 </r>
       <r>  -23.8488    1.0000 </r>
       <r>  -23.8350    1.0000 </r>
       <r>   -2.4329    1.0000 </r>
       <r>   -2.0804    1.0000 </r>
       <r>   -1.5503    1.0088 </r>
       <r>   -1.3088    0.9796 </r>
       <r>   -0.9328   -0.0335 </r>
       <r>   -0.7914   -0.0135 </r>
       <r>   -0.7413   -0.0062 </r>
       <r>   -0.3998   -0.0000 </r>
      </set>
      <set comment="kpoint 6">
       <r>  -24.3049    1.0000 </r>
       <r>  -24.3038    1.0000 </r>
       <r>  -24.2737    1.0000 </r>
       <r>  -24.2727    1.0000 </r>
       <r>  -24.1965    1.0000 </r>
       <r>  -24.1955    1.0000 </r>
       <r>  -23.9322    1.0000 </r>
       <r>  -23.9265    1.0000 </r>
       <r>  -23.8832    1.0000 </r>
       <r>  -23.8662    1.0000 </r>
       <r>  -23.8488    1.0000 </r>
       <r>  -23.8350    1.0000 </r>
       <r>   -2.4329    1.0000 </r>
       <r>   -2.0804    1.0000 </r>
       <r>   -1.5503    1.0088 </r>
       <r>   -1.3088    0.9796 </r>
       <r>   -0.9328   -0.0335 </r>
       <r>   -0.7913   -0.0135 </r>
       <r>   -0.7413   -0.0062 </r>
       <r>   -0.4000   -0.0000 </r>
      </set>
      <set comment="kpoint 7">
       <r>  -24.3049    1.0000 </r>
       <r>  -24.3038    1.0000 </r>
       <r>  -24.2737    1.0000 </r>
       <r>  -24.2727    1.0000 </r>
       <r>  -24.1965    1.0000 </r>
       <r>  -24.1955    1.0000 </r>
       <r>  -23.9322    1.0000 </r>
       <r>  -23.9265    1.0000 </r>
       <r>  -23.8832    1.0000 </r>
       <r>  -23.8662    1.0000 </r>
       <r>  -23.8488    1.0000 </r>
       <r>  -23.8350    1.0000 </r>
       <r>   -2.4329    1.0000 </r>
       <r>   -2.0804    1.0000 </r>
       <r>   -1.5503    1.0088 </r>
       <r>   -1.3088    0.9796 </r>
       <r>   -0.9328   -0.0335 </r>
       <r>   -0.7913   -0.0135 </r>
       <r>   -0.7413   -0.0062 </r>
       <r>   -0.3999   -0.0000 </r>
      </set>
      <set comment="kpoint 8">
       <r>  -24.3049    1.0000 </r>
       <r>  -24.3038    1.0000 </r>
       <r>  -24.2737    1.0000 </r>
       <r>  -24.2727    1.0000 </r>
       <r>  -24.1965    1.0000 </r>
       <r>  -24.1955    1.0000 </r>
       <r>  -23.9322    1.0000 </r>
       <r>  -23.9265    1.0000 </r>
       <r>  -23.8832    1.0000 </r>
       <r>  -23.8662    1.0000 </r>
       <r>  -23.8488    1.0000 </r>
       <r>  -23.8350    1.0000 </r>
       <r>   -2.4329    1.0000 </r>
       <r>   -2.0804    1.0000 </r>
       <r>   -1.5503    1.0088 </r>
       <r>   -1.3088    0.9796 </r>
       <r>   -0.9328   -0.0335 </r>
       <r>   -0.7914   -0.0135 </r>
       <r>   -0.7413   -0.0062 </r>
       <r>   -0.3999   -0.0000 </r>
      </set>
      <set comment="kpoint 9">
       <r>  -24.3049    1.0000 </r>
       <r>  -24.3038    1.0000 </r>
       <r>  -24.2737    1.0000 </r>
       <r>  -24.2727    1.0000 </r>
       <r>  -24.1965    1.0000 </r>
       <r>  -24.1955    1.0000 </r>
       <r>  -23.9322    1.0000 </r>
       <r>  -23.9265    1.0000 </r>
       <r>  -23.8832    1.0000 </r>
       <r>  -23.8662    1.0000 </r>
       <r>  -23.8488    1.0000 </r>
       <r>  -23.8350    1.0000 </r>
       <r>   -2.4329    1.0000 </r>
       <r>   -2.0804    1.0000 </r>
       <r>   -1.5503    1.0088 </r>
       <r>   -1.3088    0.9796 </r>
       <r>   -0.9328   -0.0335 </r>
       <r>   -0.7913   -0.0135 </r>
       <r>   -0.7413   -0.0062 </r>
       <r>   -0.3999   -0.0000 </r>
      </set>
      <set comment="kpoint 10">
       <r>  -24.3098    1.0000 </r>
       <r>  -24.3088    1.0000 </r>
       <r>  -24.2455    1.0000 </r>
       <r>  -24.2445    1.0000 </r>
       <r>  -24.1853    1.0000 </r>
       <r>  -24.1843    1.0000 </r>
       <r>  -23.9202    1.0000 </r>
       <r>  -23.9016    1.0000 </r>
       <r>  -23.8793    1.0000 </r>
       <r>  -23.8570    1.0000 </r>
       <r>  -23.8379    1.0000 </r>
       <r>  -23.8255    1.0000 </r>
       <r>   -3.5321    1.0000 </r>
       <r>   -3.0789    1.0000 </r>
       <r>   -2.3082    1.0000 </r>
       <r>   -1.4236    1.0338 </r>
       <r>   -0.8540   -0.0271 </r>
       <r>   -0.5184   -0.0000 </r>
       <r>   -0.3524   -0.0000 </r>
       <r>   -0.2651   -0.0000 </r>
      </set>
      <set comment="kpoint 11">
       <r>  -24.3098    1.0000 </r>
       <r>  -24.3088    1.0000 </r>
       <r>  -24.2455    1.0000 </r>
       <r>  -24.2445    1.0000 </r>
       <r>  -24.1853    1.0000 </r>
       <r>  -24.1843    1.0000 </r>
       <r>  -23.9202    1.0000 </r>
       <r>  -23.9016    1.0000 </r>
       <r>  -23.8793    1.0000 </r>
       <r>  -23.8570    1.0000 </r>
       <r>  -23.8378    1.0000 </r>
       <r>  -23.8255    1.0000 </r>
       <r>   -3.5321    1.0000 </r>
       <r>   -3.0789    1.0000 </r>
       <r>   -2.3082    1.0000 </r>
       <r>   -1.4236    1.0338 </r>
       <r>   -0.8540   -0.0271 </r>
       <r>   -0.5184   -0.0000 </r>
       <r>   -0.3524   -0.0000 </r>
       <r>   -0.2651   -0.0000 </r>
      </set>
      <set comment="kpoint 12">
       <r>  -24.3098    1.0000 </r>
       <r>  -24.3088    1.0000 </r>
       <r>  -24.2455    1.0000 </r>
       <r>  -24.2445    1.0000 </r>
       <r>  -24.1853    1.0000 </r>
       <r>  -24.1843    1.0000 </r>
       <r>  -23.9202    1.0000 </r>
       <r>  -23.9016    1.0000 </r>
       <r>  -23.8793    1.0000 </r>
       <r>  -23.8570    1.0000 </r>
       <r>  -23.8379    1.0000 </r>
       <r>  -23.8255    1.0000 </r>
       <r>   -3.5321    1.0000 </r>
       <r>   -3.0789    1.0000 </r>
       <r>   -2.3082    1.0000 </r>
       <r>   -1.4236    1.0338 </r>
       <r>   -0.8540   -0.0271 </r>
       <r>   -0.5184   -0.0000 </r>
       <r>   -0.3524   -0.0000 </r>
       <r>   -0.2651   -0.0000 </r>
      </set>
      <set comment="kpoint 13">
       <r>  -24.3098    1.0000 </r>
       <r>  -24.3088    1.0000 </r>
       <r>  -24.2455    1.0000 </r>
       <r>  -24.2445    1.0000 </r>
       <r>  -24.1853    1.0000 </r>
       <r>  -24.1843    1.0000 </r>
       <r>  -23.9202    1.0000 </r>
       <r>  -23.9016    1.0000 </r>
       <r>  -23.8793    1.0000 </r>
       <r>  -23.8570    1.0000 </r>
       <r>  -23.8379    1.0000 </r>
       <r>  -23.8255    1.0000 </r>
       <r>   -3.5321    1.0000 </r>
       <r>   -3.0789    1.0000 </r>
       <r>   -2.3082    1.0000 </r>
       <r>   -1.4236    1.0338 </r>
       <r>   -0.8540   -0.0271 </r>
       <r>   -0.5184   -0.0000 </r>
       <r>   -0.3524   -0.0000 </r>
       <r>   -0.2651   -0.0000 </r>
      </set>
      <set comment="kpoint 14">
       <r>  -24.3098    1.0000 </r>
       <r>  -24.3088    1.0000 </r>
       <r>  -24.2455    1.0000 </r>
       <r>  -24.2445    1.0000 </r>
       <r>  -24.1853    1.0000 </r>
       <r>  -24.1843    1.0000 </r>
       <r>  -23.9202    1.0000 </r>
       <r>  -23.9016    1.0000 </r>
       <r>  -23.8793    1.0000 </r>
       <r>  -23.8570    1.0000 </r>
       <r>  -23.8378    1.0000 </r>
       <r>  -23.8255    1.0000 </r>
       <r>   -3.5321    1.0000 </r>
       <r>   -3.0789    1.0000 </r>
       <r>   -2.3082    1.0000 </r>
       <r>   -1.4236    1.0338 </r>
       <r>   -0.8540   -0.0271 </r>
       <r>   -0.5184   -0.0000 </r>
       <r>   -0.3524   -0.0000 </r>
       <r>   -0.2651   -0.0000 </r>
      </set>
      <set comment="kpoint 15">
       <r>  -24.3098    1.0000 </r>
       <r>  -24.3088    1.0000 </r>
       <r>  -24.2455    1.0000 </r>
       <r>  -24.2445    1.0000 </r>
       <r>  -24.1853    1.0000 </r>
       <r>  -24.1843    1.0000 </r>
       <r>  -23.9202    1.0000 </r>
       <r>  -23.9016    1.0000 </r>
       <r>  -23.8793    1.0000 </r>
       <r>  -23.8570    1.0000 </r>
       <r>  -23.8379    1.0000 </r>
       <r>  -23.8255    1.0000 </r>
       <r>   -3.5321    1.0000 </r>
       <r>   -3.0789    1.0000 </r>
       <r>   -2.3082    1.0000 </r>
       <r>   -1.4236    1.0338 </r>
       <r>   -0.8540   -0.0271 </r>
       <r>   -0.5184   -0.0000 </r>
       <r>   -0.3524   -0.0000 </r>
       <r>   -0.2651   -0.0000 </r>
      </set>
      <set comment="kpoint 16">
       <r>  -24.3222    1.0000 </r>
       <r>  -24.3209    1.0000 </r>
       <r>  -24.1747    1.0000 </r>
       <r>  -24.1737    1.0000 </r>
       <r>  -24.1600    1.0000 </r>
       <r>  -24.1590    1.0000 </r>
       <r>  -23.9322    1.0000 </r>
       <r>  -23.8610    1.0000 </r>
       <r>  -23.8252    1.0000 </r>
       <r>  -23.8161    1.0000 </r>
       <r>  -23.8132    1.0000 </r>
       <r>  -23.8017    1.0000 </r>
       <r>   -4.8705    1.0000 </r>
       <r>   -4.3652    1.0000 </r>
       <r>   -3.5107    1.0000 </r>
       <r>   -2.5417    1.0000 </r>
       <r>   -1.1472    0.4610 </r>
       <r>   -0.6596   -0.0012 </r>
       <r>   -0.1697   -0.0000 </r>
       <r>    0.5054   -0.0000 </r>
      </set>
      <set comment="kpoint 17">
       <r>  -24.3222    1.0000 </r>
       <r>  -24.3209    1.0000 </r>
       <r>  -24.1747    1.0000 </r>
       <r>  -24.1737    1.0000 </r>
       <r>  -24.1600    1.0000 </r>
       <r>  -24.1590    1.0000 </r>
       <r>  -23.9322    1.0000 </r>
       <r>  -23.8610    1.0000 </r>
       <r>  -23.8252    1.0000 </r>
       <r>  -23.8161    1.0000 </r>
       <r>  -23.8132    1.0000 </r>
       <r>  -23.8017    1.0000 </r>
       <r>   -4.8705    1.0000 </r>
       <r>   -4.3652    1.0000 </r>
       <r>   -3.5107    1.0000 </r>
       <r>   -2.5417    1.0000 </r>
       <r>   -1.1472    0.4610 </r>
       <r>   -0.6596   -0.0012 </r>
       <r>   -0.1697   -0.0000 </r>
       <r>    0.5054   -0.0000 </r>
      </set>
      <set comment="kpoint 18">
       <r>  -24.3222    1.0000 </r>
       <r>  -24.3209    1.0000 </r>
       <r>  -24.1747    1.0000 </r>
       <r>  -24.1737    1.0000 </r>
       <r>  -24.1600    1.0000 </r>
       <r>  -24.1590    1.0000 </r>
       <r>  -23.9322    1.0000 </r>
       <r>  -23.8610    1.0000 </r>
       <r>  -23.8252    1.0000 </r>
       <r>  -23.8161    1.0000 </r>
       <r>  -23.8132    1.0000 </r>
       <r>  -23.8017    1.0000 </r>
       <r>   -4.8705    1.0000 </r>
       <r>   -4.3652    1.0000 </r>
       <r>   -3.5107    1.0000 </r>
       <r>   -2.5417    1.0000 </r>
       <r>   -1.1472    0.4610 </r>
       <r>   -0.6596   -0.0012 </r>
       <r>   -0.1697   -0.0000 </r>
       <r>    0.5054   -0.0000 </r>
      </set>
      <set comment="kpoint 19">
       <r>  -24.3027    1.0000 </r>
       <r>  -24.3016    1.0000 </r>
       <r>  -24.2607    1.0000 </r>
       <r>  -24.2597    1.0000 </r>
       <r>  -24.2262    1.0000 </r>
       <r>  -24.2252    1.0000 </r>
       <r>  -23.9197    1.0000 </r>
       <r>  -23.9155    1.0000 </r>
       <r>  -23.8887    1.0000 </r>
       <r>  -23.8784    1.0000 </r>
       <r>  -23.8599    1.0000 </r>
       <r>  -23.8596    1.0000 </r>
       <r>   -1.5905    1.0044 </r>
       <r>   -1.4761    1.0232 </r>
       <r>   -1.2914    0.9506 </r>
       <r>   -1.2317    0.7948 </r>
       <r>   -0.8833   -0.0329 </r>
       <r>   -0.8539   -0.0271 </r>
       <r>   -0.7333   -0.0054 </r>
       <r>   -0.2474   -0.0000 </r>
      </set>
      <set comment="kpoint 20">
       <r>  -24.3027    1.0000 </r>
       <r>  -24.3016    1.0000 </r>
       <r>  -24.2607    1.0000 </r>
       <r>  -24.2597    1.0000 </r>
       <r>  -24.2262    1.0000 </r>
       <r>  -24.2252    1.0000 </r>
       <r>  -23.9197    1.0000 </r>
       <r>  -23.9155    1.0000 </r>
       <r>  -23.8887    1.0000 </r>
       <r>  -23.8784    1.0000 </r>
       <r>  -23.8599    1.0000 </r>
       <r>  -23.8596    1.0000 </r>
       <r>   -1.5905    1.0044 </r>
       <r>   -1.4761    1.0232 </r>
       <r>   -1.2914    0.9506 </r>
       <r>   -1.2317    0.7948 </r>
       <r>   -0.8833   -0.0329 </r>
       <r>   -0.8539   -0.0271 </r>
       <r>   -0.7333   -0.0054 </r>
       <r>   -0.2474   -0.0000 </r>
      </set>
      <set comment="kpoint 21">
       <r>  -24.3027    1.0000 </r>
       <r>  -24.3016    1.0000 </r>
       <r>  -24.2607    1.0000 </r>
       <r>  -24.2597    1.0000 </r>
       <r>  -24.2262    1.0000 </r>
       <r>  -24.2252    1.0000 </r>
       <r>  -23.9197    1.0000 </r>
       <r>  -23.9155    1.0000 </r>
       <r>  -23.8887    1.0000 </r>
       <r>  -23.8784    1.0000 </r>
       <r>  -23.8599    1.0000 </r>
       <r>  -23.8596    1.0000 </r>
       <r>   -1.5905    1.0044 </r>
       <r>   -1.4761    1.0232 </r>
       <r>   -1.2914    0.9506 </r>
       <r>   -1.2317    0.7948 </r>
       <r>   -0.8833   -0.0329 </r>
       <r>   -0.8539   -0.0271 </r>
       <r>   -0.7333   -0.0054 </r>
       <r>   -0.2474   -0.0000 </r>
      </set>
      <set comment="kpoint 22">
       <r>  -24.3078    1.0000 </r>
       <r>  -24.3067    1.0000 </r>
       <r>  -24.2653    1.0000 </r>
       <r>  -24.2643    1.0000 </r>
       <r>  -24.1816    1.0000 </r>
       <r>  -24.1806    1.0000 </r>
       <r>  -23.9271    1.0000 </r>
       <r>  -23.9208    1.0000 </r>
       <r>  -23.8848    1.0000 </r>
       <r>  -23.8597    1.0000 </r>
       <r>  -23.8373    1.0000 </r>
       <r>  -23.8209    1.0000 </r>
       <r>   -3.1489    1.0000 </r>
       <r>   -2.7306    1.0000 </r>
       <r>   -2.0312    1.0000 </r>
       <r>   -1.2618    0.8844 </r>
       <r>   -0.8687   -0.0303 </r>
       <r>   -0.7377   -0.0058 </r>
       <r>   -0.6373   -0.0007 </r>
       <r>   -0.3761   -0.0000 </r>
      </set>
      <set comment="kpoint 23">
       <r>  -24.3078    1.0000 </r>
       <r>  -24.3067    1.0000 </r>
       <r>  -24.2653    1.0000 </r>
       <r>  -24.2643    1.0000 </r>
       <r>  -24.1816    1.0000 </r>
       <r>  -24.1806    1.0000 </r>
       <r>  -23.9271    1.0000 </r>
       <r>  -23.9208    1.0000 </r>
       <r>  -23.8847    1.0000 </r>
       <r>  -23.8597    1.0000 </r>
       <r>  -23.8373    1.0000 </r>
       <r>  -23.8209    1.0000 </r>
       <r>   -3.1489    1.0000 </r>
       <r>   -2.7306    1.0000 </r>
       <r>   -2.0312    1.0000 </r>
       <r>   -1.2618    0.8844 </r>
       <r>   -0.8687   -0.0303 </r>
       <r>   -0.7377   -0.0058 </r>
       <r>   -0.6373   -0.0007 </r>
       <r>   -0.3762   -0.0000 </r>
      </set>
      <set comment="kpoint 24">
       <r>  -24.3078    1.0000 </r>
       <r>  -24.3067    1.0000 </r>
       <r>  -24.2653    1.0000 </r>
       <r>  -24.2643    1.0000 </r>
       <r>  -24.1816    1.0000 </r>
       <r>  -24.1806    1.0000 </r>
       <r>  -23.9271    1.0000 </r>
       <r>  -23.9208    1.0000 </r>
       <r>  -23.8847    1.0000 </r>
       <r>  -23.8597    1.0000 </r>
       <r>  -23.8373    1.0000 </r>
       <r>  -23.8209    1.0000 </r>
       <r>   -3.1489    1.0000 </r>
       <r>   -2.7306    1.0000 </r>
       <r>   -2.0312    1.0000 </r>
       <r>   -1.2618    0.8844 </r>
       <r>   -0.8687   -0.0303 </r>
       <r>   -0.7377   -0.0058 </r>
       <r>   -0.6373   -0.0007 </r>
       <r>   -0.3761   -0.0000 </r>
      </set>
     </set>
    </set>
   </array>
  </eigenvalues>
  <separator name="orbital magnetization" >
   <v name="MAGDIPOLOUT">      0.00000000      0.00000000      0.00000000</v>
  </separator>
  <dos>
   <i name="efermi">     -1.15647476 </i>
   <total>
    <array>
     <dimension dim="1">gridpoints</dimension>
     <dimension dim="2">spin</dimension>
     <field>energy</field>
     <field>total</field>
     <field>integrated</field>
     <set>
      <set comment="spin 1">
       <r>   -26.3222     0.0000     0.0000 </r>
       <r>   -26.2261     0.0000     0.0000 </r>
       <r>   -26.1300     0.0000     0.0000 </r>
       <r>   -26.0339     0.0000     0.0000 </r>
       <r>   -25.9378    -0.0000    -0.0000 </r>
       <r>   -25.8417    -0.0000    -0.0000 </r>
       <r>   -25.7456    -0.0000    -0.0000 </r>
       <r>   -25.6495    -0.0000    -0.0000 </r>
       <r>   -25.5534    -0.0000    -0.0000 </r>
       <r>   -25.4573    -0.0000    -0.0000 </r>
       <r>   -25.3612    -0.0000    -0.0000 </r>
       <r>   -25.2651    -0.0000    -0.0000 </r>
       <r>   -25.1691    -0.0000    -0.0000 </r>
       <r>   -25.0730    -0.0000    -0.0000 </r>
       <r>   -24.9769    -0.0006    -0.0001 </r>
       <r>   -24.8808    -0.0100    -0.0010 </r>
       <r>   -24.7847    -0.0994    -0.0106 </r>
       <r>   -24.6886    -0.5696    -0.0653 </r>
       <r>   -24.5925    -1.6474    -0.2236 </r>
       <r>   -24.4964    -0.7841    -0.2989 </r>
       <r>   -24.4003     9.3330     0.5979 </r>
       <r>   -24.3042    29.5710     3.4394 </r>
       <r>   -24.2081    41.8797     7.4637 </r>
       <r>   -24.1120    32.8951    10.6247 </r>
       <r>   -24.0160    22.6509    12.8012 </r>
       <r>   -23.9199    32.8363    15.9565 </r>
       <r>   -23.8238    44.5805    20.2404 </r>
       <r>   -23.7277    32.6201    23.3749 </r>
       <r>   -23.6316    10.1157    24.3469 </r>
       <r>   -23.5355    -1.0803    24.2431 </r>
       <r>   -23.4394    -1.8263    24.0676 </r>
       <r>   -23.3433    -0.5953    24.0104 </r>
       <r>   -23.2472    -0.0985    24.0010 </r>
       <r>   -23.1511    -0.0094    24.0001 </r>
       <r>   -23.0550    -0.0005    24.0000 </r>
       <r>   -22.9589    -0.0000    24.0000 </r>
       <r>   -22.8628    -0.0000    24.0000 </r>
       <r>   -22.7668    -0.0000    24.0000 </r>
       <r>   -22.6707    -0.0000    24.0000 </r>
       <r>   -22.5746    -0.0000    24.0000 </r>
       <r>   -22.4785     0.0000    24.0000 </r>
       <r>   -22.3824     0.0000    24.0000 </r>
       <r>   -22.2863     0.0000    24.0000 </r>
       <r>   -22.1902     0.0000    24.0000 </r>
       <r>   -22.0941     0.0000    24.0000 </r>
       <r>   -21.9980     0.0000    24.0000 </r>
       <r>   -21.9019     0.0000    24.0000 </r>
       <r>   -21.8058     0.0000    24.0000 </r>
       <r>   -21.7097     0.0000    24.0000 </r>
       <r>   -21.6137     0.0000    24.0000 </r>
       <r>   -21.5176     0.0000    24.0000 </r>
       <r>   -21.4215     0.0000    24.0000 </r>
       <r>   -21.3254     0.0000    24.0000 </r>
       <r>   -21.2293     0.0000    24.0000 </r>
       <r>   -21.1332     0.0000    24.0000 </r>
       <r>   -21.0371     0.0000    24.0000 </r>
       <r>   -20.9410     0.0000    24.0000 </r>
       <r>   -20.8449     0.0000    24.0000 </r>
       <r>   -20.7488     0.0000    24.0000 </r>
       <r>   -20.6527     0.0000    24.0000 </r>
       <r>   -20.5566     0.0000    24.0000 </r>
       <r>   -20.4605     0.0000    24.0000 </r>
       <r>   -20.3645     0.0000    24.0000 </r>
       <r>   -20.2684     0.0000    24.0000 </r>
       <r>   -20.1723     0.0000    24.0000 </r>
       <r>   -20.0762     0.0000    24.0000 </r>
       <r>   -19.9801     0.0000    24.0000 </r>
       <r>   -19.8840     0.0000    24.0000 </r>
       <r>   -19.7879     0.0000    24.0000 </r>
       <r>   -19.6918     0.0000    24.0000 </r>
       <r>   -19.5957     0.0000    24.0000 </r>
       <r>   -19.4996     0.0000    24.0000 </r>
       <r>   -19.4035     0.0000    24.0000 </r>
       <r>   -19.3074     0.0000    24.0000 </r>
       <r>   -19.2114     0.0000    24.0000 </r>
       <r>   -19.1153     0.0000    24.0000 </r>
       <r>   -19.0192     0.0000    24.0000 </r>
       <r>   -18.9231     0.0000    24.0000 </r>
       <r>   -18.8270     0.0000    24.0000 </r>
       <r>   -18.7309     0.0000    24.0000 </r>
       <r>   -18.6348     0.0000    24.0000 </r>
       <r>   -18.5387     0.0000    24.0000 </r>
       <r>   -18.4426     0.0000    24.0000 </r>
       <r>   -18.3465     0.0000    24.0000 </r>
       <r>   -18.2504     0.0000    24.0000 </r>
       <r>   -18.1543     0.0000    24.0000 </r>
       <r>   -18.0583     0.0000    24.0000 </r>
       <r>   -17.9622     0.0000    24.0000 </r>
       <r>   -17.8661     0.0000    24.0000 </r>
       <r>   -17.7700     0.0000    24.0000 </r>
       <r>   -17.6739     0.0000    24.0000 </r>
       <r>   -17.5778     0.0000    24.0000 </r>
       <r>   -17.4817     0.0000    24.0000 </r>
       <r>   -17.3856     0.0000    24.0000 </r>
       <r>   -17.2895     0.0000    24.0000 </r>
       <r>   -17.1934     0.0000    24.0000 </r>
       <r>   -17.0973     0.0000    24.0000 </r>
       <r>   -17.0012     0.0000    24.0000 </r>
       <r>   -16.9051     0.0000    24.0000 </r>
       <r>   -16.8091     0.0000    24.0000 </r>
       <r>   -16.7130     0.0000    24.0000 </r>
       <r>   -16.6169     0.0000    24.0000 </r>
       <r>   -16.5208     0.0000    24.0000 </r>
       <r>   -16.4247     0.0000    24.0000 </r>
       <r>   -16.3286     0.0000    24.0000 </r>
       <r>   -16.2325     0.0000    24.0000 </r>
       <r>   -16.1364     0.0000    24.0000 </r>
       <r>   -16.0403     0.0000    24.0000 </r>
       <r>   -15.9442     0.0000    24.0000 </r>
       <r>   -15.8481     0.0000    24.0000 </r>
       <r>   -15.7520     0.0000    24.0000 </r>
       <r>   -15.6560     0.0000    24.0000 </r>
       <r>   -15.5599     0.0000    24.0000 </r>
       <r>   -15.4638     0.0000    24.0000 </r>
       <r>   -15.3677     0.0000    24.0000 </r>
       <r>   -15.2716     0.0000    24.0000 </r>
       <r>   -15.1755     0.0000    24.0000 </r>
       <r>   -15.0794     0.0000    24.0000 </r>
       <r>   -14.9833     0.0000    24.0000 </r>
       <r>   -14.8872     0.0000    24.0000 </r>
       <r>   -14.7911     0.0000    24.0000 </r>
       <r>   -14.6950     0.0000    24.0000 </r>
       <r>   -14.5989     0.0000    24.0000 </r>
       <r>   -14.5028     0.0000    24.0000 </r>
       <r>   -14.4068     0.0000    24.0000 </r>
       <r>   -14.3107     0.0000    24.0000 </r>
       <r>   -14.2146     0.0000    24.0000 </r>
       <r>   -14.1185     0.0000    24.0000 </r>
       <r>   -14.0224     0.0000    24.0000 </r>
       <r>   -13.9263     0.0000    24.0000 </r>
       <r>   -13.8302     0.0000    24.0000 </r>
       <r>   -13.7341     0.0000    24.0000 </r>
       <r>   -13.6380     0.0000    24.0000 </r>
       <r>   -13.5419     0.0000    24.0000 </r>
       <r>   -13.4458     0.0000    24.0000 </r>
       <r>   -13.3497     0.0000    24.0000 </r>
       <r>   -13.2537     0.0000    24.0000 </r>
       <r>   -13.1576     0.0000    24.0000 </r>
       <r>   -13.0615     0.0000    24.0000 </r>
       <r>   -12.9654     0.0000    24.0000 </r>
       <r>   -12.8693     0.0000    24.0000 </r>
       <r>   -12.7732     0.0000    24.0000 </r>
       <r>   -12.6771     0.0000    24.0000 </r>
       <r>   -12.5810     0.0000    24.0000 </r>
       <r>   -12.4849     0.0000    24.0000 </r>
       <r>   -12.3888     0.0000    24.0000 </r>
       <r>   -12.2927     0.0000    24.0000 </r>
       <r>   -12.1966     0.0000    24.0000 </r>
       <r>   -12.1006     0.0000    24.0000 </r>
       <r>   -12.0045     0.0000    24.0000 </r>
       <r>   -11.9084     0.0000    24.0000 </r>
       <r>   -11.8123     0.0000    24.0000 </r>
       <r>   -11.7162     0.0000    24.0000 </r>
       <r>   -11.6201     0.0000    24.0000 </r>
       <r>   -11.5240     0.0000    24.0000 </r>
       <r>   -11.4279     0.0000    24.0000 </r>
       <r>   -11.3318     0.0000    24.0000 </r>
       <r>   -11.2357     0.0000    24.0000 </r>
       <r>   -11.1396     0.0000    24.0000 </r>
       <r>   -11.0435     0.0000    24.0000 </r>
       <r>   -10.9474     0.0000    24.0000 </r>
       <r>   -10.8514     0.0000    24.0000 </r>
       <r>   -10.7553     0.0000    24.0000 </r>
       <r>   -10.6592     0.0000    24.0000 </r>
       <r>   -10.5631     0.0000    24.0000 </r>
       <r>   -10.4670     0.0000    24.0000 </r>
       <r>   -10.3709     0.0000    24.0000 </r>
       <r>   -10.2748     0.0000    24.0000 </r>
       <r>   -10.1787     0.0000    24.0000 </r>
       <r>   -10.0826     0.0000    24.0000 </r>
       <r>    -9.9865     0.0000    24.0000 </r>
       <r>    -9.8904     0.0000    24.0000 </r>
       <r>    -9.7943     0.0000    24.0000 </r>
       <r>    -9.6983     0.0000    24.0000 </r>
       <r>    -9.6022     0.0000    24.0000 </r>
       <r>    -9.5061     0.0000    24.0000 </r>
       <r>    -9.4100     0.0000    24.0000 </r>
       <r>    -9.3139     0.0000    24.0000 </r>
       <r>    -9.2178     0.0000    24.0000 </r>
       <r>    -9.1217     0.0000    24.0000 </r>
       <r>    -9.0256     0.0000    24.0000 </r>
       <r>    -8.9295     0.0000    24.0000 </r>
       <r>    -8.8334     0.0000    24.0000 </r>
       <r>    -8.7373     0.0000    24.0000 </r>
       <r>    -8.6412     0.0000    24.0000 </r>
       <r>    -8.5451     0.0000    24.0000 </r>
       <r>    -8.4491     0.0000    24.0000 </r>
       <r>    -8.3530     0.0000    24.0000 </r>
       <r>    -8.2569     0.0000    24.0000 </r>
       <r>    -8.1608     0.0000    24.0000 </r>
       <r>    -8.0647     0.0000    24.0000 </r>
       <r>    -7.9686     0.0000    24.0000 </r>
       <r>    -7.8725     0.0000    24.0000 </r>
       <r>    -7.7764     0.0000    24.0000 </r>
       <r>    -7.6803     0.0000    24.0000 </r>
       <r>    -7.5842     0.0000    24.0000 </r>
       <r>    -7.4881     0.0000    24.0000 </r>
       <r>    -7.3920     0.0000    24.0000 </r>
       <r>    -7.2960     0.0000    24.0000 </r>
       <r>    -7.1999     0.0000    24.0000 </r>
       <r>    -7.1038     0.0000    24.0000 </r>
       <r>    -7.0077     0.0000    24.0000 </r>
       <r>    -6.9116     0.0000    24.0000 </r>
       <r>    -6.8155     0.0000    24.0000 </r>
       <r>    -6.7194     0.0000    24.0000 </r>
       <r>    -6.6233     0.0000    24.0000 </r>
       <r>    -6.5272    -0.0000    24.0000 </r>
       <r>    -6.4311    -0.0000    24.0000 </r>
       <r>    -6.3350    -0.0000    24.0000 </r>
       <r>    -6.2389    -0.0000    24.0000 </r>
       <r>    -6.1428    -0.0000    24.0000 </r>
       <r>    -6.0468    -0.0000    24.0000 </r>
       <r>    -5.9507    -0.0000    24.0000 </r>
       <r>    -5.8546    -0.0000    24.0000 </r>
       <r>    -5.7585    -0.0000    24.0000 </r>
       <r>    -5.6624    -0.0000    24.0000 </r>
       <r>    -5.5663    -0.0000    24.0000 </r>
       <r>    -5.4702    -0.0002    24.0000 </r>
       <r>    -5.3741    -0.0025    23.9997 </r>
       <r>    -5.2780    -0.0156    23.9982 </r>
       <r>    -5.1819    -0.0468    23.9937 </r>
       <r>    -5.0858    -0.0165    23.9922 </r>
       <r>    -4.9897     0.2935    24.0204 </r>
       <r>    -4.8937     0.8305    24.1002 </r>
       <r>    -4.7976     0.9712    24.1935 </r>
       <r>    -4.7015     0.4680    24.2385 </r>
       <r>    -4.6054     0.0454    24.2428 </r>
       <r>    -4.5093     0.4762    24.2886 </r>
       <r>    -4.4132     1.5549    24.4380 </r>
       <r>    -4.3171     1.9775    24.6280 </r>
       <r>    -4.2210     1.1477    24.7383 </r>
       <r>    -4.1249     0.2154    24.7590 </r>
       <r>    -4.0288     0.1877    24.7770 </r>
       <r>    -3.9327     0.7198    24.8462 </r>
       <r>    -3.8366     0.8463    24.9275 </r>
       <r>    -3.7406     0.5130    24.9768 </r>
       <r>    -3.6445     0.9685    25.0699 </r>
       <r>    -3.5484     2.4115    25.3016 </r>
       <r>    -3.4523     2.8354    25.5741 </r>
       <r>    -3.3562     1.5028    25.7185 </r>
       <r>    -3.2601     0.7472    25.7903 </r>
       <r>    -3.1640     2.1364    25.9956 </r>
       <r>    -3.0679     3.7502    26.3559 </r>
       <r>    -2.9718     3.1234    26.6561 </r>
       <r>    -2.8757     1.2758    26.7787 </r>
       <r>    -2.7796     0.5413    26.8307 </r>
       <r>    -2.6835     0.8895    26.9161 </r>
       <r>    -2.5874     1.5174    27.0620 </r>
       <r>    -2.4914     2.5106    27.3032 </r>
       <r>    -2.3953     3.4593    27.6356 </r>
       <r>    -2.2992     3.5422    27.9760 </r>
       <r>    -2.2031     3.3193    28.2950 </r>
       <r>    -2.1070     3.7804    28.6582 </r>
       <r>    -2.0109     3.7806    29.0215 </r>
       <r>    -1.9148     2.1071    29.2240 </r>
       <r>    -1.8187     0.2450    29.2475 </r>
       <r>    -1.7226     0.0192    29.2494 </r>
       <r>    -1.6265     1.6922    29.4120 </r>
       <r>    -1.5304     4.1376    29.8096 </r>
       <r>    -1.4343     5.8451    30.3712 </r>
       <r>    -1.3383     6.5602    31.0016 </r>
       <r>    -1.2422     6.2340    31.6007 </r>
       <r>    -1.1461     4.5544    32.0383 </r>
       <r>    -1.0500     3.3202    32.3573 </r>
       <r>    -0.9539     5.1490    32.8521 </r>
       <r>    -0.8578     9.1940    33.7356 </r>
       <r>    -0.7617    11.3325    34.8246 </r>
       <r>    -0.6656     9.6056    35.7476 </r>
       <r>    -0.5695     6.7655    36.3977 </r>
       <r>    -0.4734     6.0713    36.9811 </r>
       <r>    -0.3773     7.2611    37.6788 </r>
       <r>    -0.2812     7.7816    38.4266 </r>
       <r>    -0.1851     6.2596    39.0281 </r>
       <r>    -0.0891     3.6155    39.3755 </r>
       <r>     0.0070     1.3299    39.5033 </r>
       <r>     0.1031     0.2109    39.5235 </r>
       <r>     0.1992     0.3051    39.5529 </r>
       <r>     0.2953     0.8736    39.6368 </r>
       <r>     0.3914     1.1659    39.7488 </r>
       <r>     0.4875     1.1913    39.8633 </r>
       <r>     0.5836     0.9836    39.9578 </r>
       <r>     0.6797     0.4758    40.0035 </r>
       <r>     0.7758     0.0534    40.0087 </r>
       <r>     0.8719    -0.0554    40.0033 </r>
       <r>     0.9680    -0.0280    40.0006 </r>
       <r>     1.0640    -0.0060    40.0001 </r>
       <r>     1.1601    -0.0007    40.0000 </r>
       <r>     1.2562    -0.0000    40.0000 </r>
       <r>     1.3523    -0.0000    40.0000 </r>
       <r>     1.4484    -0.0000    40.0000 </r>
       <r>     1.5445    -0.0000    40.0000 </r>
       <r>     1.6406    -0.0000    40.0000 </r>
       <r>     1.7367    -0.0000    40.0000 </r>
       <r>     1.8328     0.0000    40.0000 </r>
       <r>     1.9289     0.0000    40.0000 </r>
       <r>     2.0250     0.0000    40.0000 </r>
       <r>     2.1211     0.0000    40.0000 </r>
       <r>     2.2172     0.0000    40.0000 </r>
       <r>     2.3132     0.0000    40.0000 </r>
       <r>     2.4093     0.0000    40.0000 </r>
       <r>     2.5054     0.0000    40.0000 </r>
      </set>
     </set>
    </array>
   </total>
  </dos>
 </calculation>
 <structure name="finalpos" >
  <crystal>
   <varray name="basis" >
    <v>       3.84516612       0.00000000       0.00000000 </v>
    <v>      -1.92258306       3.33001154       0.00000000 </v>
    <v>       0.00000000       0.00000000      38.19688116 </v>
   </varray>
   <i name="volume">    489.08996149 </i>
   <varray name="rec_basis" >
    <v>       0.26006679       0.15014963       0.00000000 </v>
    <v>       0.00000000       0.30029926       0.00000000 </v>
    <v>       0.00000000       0.00000000       0.02618015 </v>
   </varray>
  </crystal>
  <varray name="positions" >
   <v>       0.33332791       0.66666039       0.37800755 </v>
   <v>       0.66666667       0.33333333       0.45833333 </v>
   <v>       0.33333333       0.66666667       0.54166667 </v>
   <v>       0.66666048       0.33331554       0.62200149 </v>
  </varray>
  <varray name="selective"  type="logical" >
   <v type="logical" >  T  T  T </v>
   <v type="logical" >  F  F  F </v>
   <v type="logical" >  F  F  F </v>
   <v type="logical" >  T  T  T </v>
  </varray>
  <nose>
   <v>      -3.00000000       0.00000000       0.00010000       0.00010000 </v>
  </nose>
 </structure>
</modeling>
